account_id,customer_id,account_type,currency,open_date,status,balance
C00001-A1,C00001,Checking,GBP,2023-02-11,Active,135272.6
C00002-A1,C00002,Securities,USD,2021-04-01,Active,86607.21
C00002-A2,C00002,Savings,GBP,2024-09-03,Active,202293.48
C00003-A1,C00003,Checking,CHF,2021-01-15,Closed,46962.56
C00003-A2,C00003,Checking,CHF,2022-07-12,Closed,151785.56
C00004-A1,C00004,Savings,USD,2022-11-23,Active,244705.86
C00004-A2,C00004,Savings,USD,2018-12-17,Active,19003.86
C00005-A1,C00005,Business,CHF,2020-07-01,Active,146586.34
C00005-A2,C00005,Securities,EUR,2024-04-16,Active,116402.51
C00005-A3,C00005,Securities,GBP,2021-03-26,Active,177977.7
C00006-A1,C00006,Savings,EUR,2021-02-04,Active,117614.17
C00006-A2,C00006,Savings,CHF,2018-03-11,Active,134591.68
C00007-A1,C00007,Business,USD,2023-01-25,Active,192512.19
C00008-A1,C00008,Savings,USD,2021-12-31,Closed,103348.17
C00008-A2,C00008,Business,USD,2019-07-16,Closed,19005.63
C00009-A1,C00009,Securities,CHF,2019-08-05,Active,216876.7
C00009-A2,C00009,Checking,EUR,2021-09-10,Active,15012.97
C00009-A3,C00009,Savings,GBP,2019-04-17,Closed,224557.2
C00010-A1,C00010,Business,USD,2021-07-02,Active,135044.54
C00010-A2,C00010,Securities,GBP,2018-09-20,Active,167449.96
C00011-A1,C00011,Business,GBP,2020-09-20,Active,170240.67
C00011-A2,C00011,Securities,CHF,2022-02-08,Active,106216.24
C00012-A1,C00012,Savings,EUR,2023-05-30,Active,72243.88
C00013-A1,C00013,Savings,EUR,2018-03-18,Active,56758.89
C00014-A1,C00014,Savings,EUR,2018-12-11,Active,92594.11
C00015-A1,C00015,Savings,CHF,2021-02-23,Closed,12293.63
C00015-A2,C00015,Savings,CHF,2022-03-07,Active,159272.32
C00016-A1,C00016,Securities,CHF,2019-12-12,Active,229772.29
C00017-A1,C00017,Savings,CHF,2018-07-03,Active,14948.08
C00017-A2,C00017,Savings,CHF,2019-12-17,Closed,216881.63
C00018-A1,C00018,Savings,GBP,2023-07-25,Active,203433.95
C00019-A1,C00019,Checking,USD,2023-12-24,Active,209851.71
C00019-A2,C00019,Savings,GBP,2020-02-10,Active,101208.78
C00020-A1,C00020,Securities,GBP,2018-03-09,Active,34093.08
C00020-A2,C00020,Securities,USD,2019-05-26,Active,173631.64
C00021-A1,C00021,Savings,GBP,2022-01-20,Active,243187.67
C00021-A2,C00021,Checking,CHF,2023-11-28,Closed,18241.88
C00021-A3,C00021,Checking,CHF,2018-06-11,Active,213739.95
C00022-A1,C00022,Business,CHF,2022-09-15,Active,135150.25
C00022-A2,C00022,Checking,GBP,2021-01-09,Active,14870.76
C00023-A1,C00023,Savings,EUR,2024-05-10,Active,156099.2
C00023-A2,C00023,Savings,CHF,2020-09-27,Active,168973.33
C00024-A1,C00024,Savings,USD,2020-07-01,Closed,75293.97
C00024-A2,C00024,Securities,EUR,2018-04-20,Active,15796.84
C00024-A3,C00024,Business,CHF,2018-06-21,Closed,112278.57
C00025-A1,C00025,Securities,CHF,2020-01-24,Active,84138.45
C00025-A2,C00025,Securities,USD,2021-12-02,Active,247540.11
C00025-A3,C00025,Securities,USD,2020-10-27,Active,52365.27
C00026-A1,C00026,Checking,CHF,2021-01-19,Active,170699.63
C00027-A1,C00027,Checking,EUR,2018-01-24,Active,152576.84
C00028-A1,C00028,Savings,CHF,2023-02-22,Active,192422.28
C00028-A2,C00028,Savings,EUR,2019-04-17,Closed,10026.78
C00028-A3,C00028,Checking,CHF,2023-06-08,Active,26331.69
C00029-A1,C00029,Business,EUR,2019-08-28,Closed,230001.47
C00029-A2,C00029,Checking,CHF,2023-10-26,Active,5006.88
C00030-A1,C00030,Securities,GBP,2024-02-25,Active,58397.5
C00031-A1,C00031,Savings,CHF,2024-02-26,Closed,73892.18
C00031-A2,C00031,Savings,GBP,2024-11-05,Active,100449.97
C00031-A3,C00031,Securities,EUR,2020-08-11,Closed,196435.95
C00032-A1,C00032,Securities,CHF,2024-06-25,Active,197998.17
C00032-A2,C00032,Checking,GBP,2022-02-03,Active,199548.76
C00033-A1,C00033,Business,GBP,2020-02-18,Active,131744.08
C00034-A1,C00034,Business,GBP,2023-06-29,Active,149179.41
C00034-A2,C00034,Securities,GBP,2023-04-22,Active,81374.79
C00035-A1,C00035,Securities,USD,2018-11-24,Active,4099.86
C00035-A2,C00035,Securities,EUR,2023-05-01,Active,49087.95
C00036-A1,C00036,Securities,GBP,2020-04-04,Active,39041.65
C00036-A2,C00036,Securities,CHF,2024-08-13,Active,70659.96
C00036-A3,C00036,Checking,GBP,2021-02-08,Active,39340.91
C00037-A1,C00037,Securities,CHF,2024-09-06,Closed,100010.68
C00038-A1,C00038,Savings,CHF,2020-06-08,Active,138367.6
C00039-A1,C00039,Savings,EUR,2024-07-27,Closed,156824.44
C00039-A2,C00039,Checking,USD,2023-09-25,Closed,74507.95
C00039-A3,C00039,Savings,USD,2020-06-16,Closed,63719.75
C00040-A1,C00040,Checking,CHF,2023-02-18,Active,29062.02
C00040-A2,C00040,Savings,CHF,2022-09-27,Active,95626.49
C00041-A1,C00041,Checking,EUR,2021-01-07,Active,242437.82
C00042-A1,C00042,Checking,GBP,2019-10-22,Active,58864.12
C00042-A2,C00042,Securities,EUR,2023-03-23,Closed,110096.57
C00042-A3,C00042,Savings,EUR,2018-10-30,Active,146350.11
C00043-A1,C00043,Business,GBP,2023-11-25,Closed,119258.58
C00043-A2,C00043,Checking,GBP,2022-06-09,Active,247883.73
C00044-A1,C00044,Savings,GBP,2020-12-08,Closed,96903.45
C00044-A2,C00044,Securities,GBP,2022-01-22,Closed,177838.03
C00045-A1,C00045,Business,GBP,2020-02-28,Closed,204692.59
C00045-A2,C00045,Business,USD,2022-12-21,Closed,210580.17
C00046-A1,C00046,Securities,USD,2021-09-09,Active,190850.14
C00046-A2,C00046,Business,CHF,2022-07-28,Closed,59870.12
C00047-A1,C00047,Savings,CHF,2024-05-13,Active,242573.73
C00047-A2,C00047,Business,CHF,2023-04-30,Closed,188425.11
C00048-A1,C00048,Checking,EUR,2023-08-28,Active,172890.4
C00048-A2,C00048,Business,EUR,2022-03-25,Active,52938.22
C00048-A3,C00048,Securities,CHF,2022-01-12,Active,24941.93
C00049-A1,C00049,Securities,USD,2018-08-05,Active,176378.01
C00049-A2,C00049,Savings,CHF,2023-06-16,Active,145008.53
C00049-A3,C00049,Checking,USD,2022-08-29,Active,141441.1
C00050-A1,C00050,Checking,GBP,2024-02-28,Active,94228.83
C00050-A2,C00050,Savings,USD,2024-04-11,Active,36311.09
C00050-A3,C00050,Securities,CHF,2021-03-24,Closed,39073.96
C00051-A1,C00051,Checking,CHF,2024-04-11,Active,43083.42
C00052-A1,C00052,Business,EUR,2023-08-09,Active,234878.42
C00052-A2,C00052,Checking,EUR,2023-10-20,Active,161017.85
C00052-A3,C00052,Business,EUR,2022-09-12,Active,60711.24
C00053-A1,C00053,Securities,GBP,2022-09-24,Active,185913.94
C00053-A2,C00053,Securities,CHF,2020-08-08,Active,136636.61
C00054-A1,C00054,Securities,CHF,2023-07-14,Active,26590.5
C00055-A1,C00055,Checking,GBP,2019-04-12,Closed,91536.58
C00055-A2,C00055,Business,CHF,2020-01-10,Active,136536.68
C00055-A3,C00055,Business,USD,2018-06-03,Closed,75422.95
C00056-A1,C00056,Business,EUR,2023-12-24,Active,139212.0
C00056-A2,C00056,Securities,USD,2022-05-05,Active,93442.48
C00057-A1,C00057,Securities,CHF,2022-02-01,Active,71308.33
C00058-A1,C00058,Savings,GBP,2023-10-15,Active,5749.56
C00058-A2,C00058,Securities,CHF,2024-06-06,Active,226667.13
C00058-A3,C00058,Securities,EUR,2019-10-12,Closed,75284.32
C00059-A1,C00059,Savings,GBP,2024-02-03,Active,196950.42
C00059-A2,C00059,Securities,USD,2021-08-29,Active,137966.86
C00060-A1,C00060,Business,CHF,2018-05-07,Active,43250.45
C00060-A2,C00060,Checking,CHF,2018-12-27,Active,92355.55
C00061-A1,C00061,Business,GBP,2021-04-06,Active,126640.61
C00062-A1,C00062,Securities,USD,2020-07-04,Active,119626.4
C00062-A2,C00062,Checking,GBP,2022-01-30,Active,64925.21
C00062-A3,C00062,Savings,GBP,2021-11-15,Active,161797.67
C00063-A1,C00063,Securities,EUR,2019-12-09,Active,121803.41
C00063-A2,C00063,Securities,CHF,2019-12-20,Active,219758.67
C00064-A1,C00064,Business,EUR,2024-07-15,Closed,195996.69
C00064-A2,C00064,Business,GBP,2022-04-25,Closed,212550.02
C00065-A1,C00065,Checking,USD,2023-02-12,Active,119647.13
C00065-A2,C00065,Business,USD,2019-03-05,Active,183418.92
C00066-A1,C00066,Securities,USD,2024-09-13,Active,90775.26
C00066-A2,C00066,Checking,CHF,2018-09-18,Active,195609.84
C00067-A1,C00067,Savings,EUR,2022-04-15,Active,29959.7
C00068-A1,C00068,Business,EUR,2019-10-24,Closed,106402.93
C00068-A2,C00068,Savings,CHF,2019-06-18,Active,206936.85
C00068-A3,C00068,Checking,EUR,2018-02-22,Active,225638.76
C00069-A1,C00069,Savings,EUR,2021-05-05,Active,212411.49
C00069-A2,C00069,Savings,CHF,2023-12-13,Active,69140.66
C00069-A3,C00069,Securities,EUR,2022-04-02,Active,224096.13
C00070-A1,C00070,Checking,CHF,2018-10-02,Active,162256.31
C00071-A1,C00071,Securities,EUR,2020-08-25,Active,117255.55
C00072-A1,C00072,Business,GBP,2022-12-20,Closed,240200.73
C00072-A2,C00072,Checking,EUR,2023-12-18,Active,95227.33
C00072-A3,C00072,Securities,EUR,2018-09-07,Active,17825.1
C00073-A1,C00073,Savings,EUR,2018-07-07,Active,95233.79
C00073-A2,C00073,Business,CHF,2020-05-17,Active,138818.87
C00074-A1,C00074,Savings,EUR,2022-04-30,Active,230713.81
C00074-A2,C00074,Securities,EUR,2019-12-13,Closed,203522.41
C00074-A3,C00074,Securities,USD,2021-02-21,Active,194005.39
C00075-A1,C00075,Checking,USD,2024-07-01,Active,24773.94
C00075-A2,C00075,Securities,GBP,2021-03-12,Active,12991.95
C00076-A1,C00076,Business,USD,2021-01-20,Closed,199401.22
C00076-A2,C00076,Business,CHF,2024-12-04,Active,104954.8
C00076-A3,C00076,Securities,CHF,2020-02-16,Active,72582.31
C00077-A1,C00077,Securities,USD,2023-04-13,Active,248711.69
C00078-A1,C00078,Securities,CHF,2021-07-10,Active,190725.2
C00079-A1,C00079,Savings,USD,2022-12-20,Active,14571.09
C00080-A1,C00080,Securities,CHF,2019-06-25,Active,180187.56
C00080-A2,C00080,Checking,CHF,2021-09-10,Active,202194.28
C00080-A3,C00080,Securities,CHF,2020-12-20,Active,212107.76
C00081-A1,C00081,Savings,EUR,2024-02-05,Active,168988.18
C00082-A1,C00082,Checking,EUR,2022-01-14,Active,62767.06
C00082-A2,C00082,Securities,CHF,2021-12-29,Active,148175.21
C00082-A3,C00082,Savings,EUR,2018-08-28,Active,69830.15
C00083-A1,C00083,Checking,USD,2018-09-13,Closed,77649.84
C00084-A1,C00084,Savings,GBP,2018-06-04,Active,132466.57
C00084-A2,C00084,Savings,GBP,2018-06-01,Active,187041.46
C00084-A3,C00084,Business,GBP,2020-12-11,Closed,96754.17
C00085-A1,C00085,Savings,CHF,2024-02-27,Closed,115009.55
C00085-A2,C00085,Savings,GBP,2021-05-28,Closed,225198.34
C00086-A1,C00086,Savings,USD,2021-09-17,Closed,110778.47
C00086-A2,C00086,Securities,EUR,2021-06-01,Active,79403.8
C00086-A3,C00086,Securities,USD,2024-02-20,Active,158953.37
C00087-A1,C00087,Securities,USD,2019-07-20,Closed,81588.43
C00087-A2,C00087,Securities,GBP,2023-12-14,Active,197521.52
C00088-A1,C00088,Business,GBP,2019-05-26,Active,197518.6
C00088-A2,C00088,Securities,GBP,2022-04-30,Active,109085.96
C00088-A3,C00088,Checking,GBP,2019-09-05,Active,231752.64
C00089-A1,C00089,Savings,USD,2022-11-20,Active,191260.5
C00089-A2,C00089,Securities,CHF,2019-08-10,Active,14013.96
C00090-A1,C00090,Business,GBP,2021-05-17,Active,150574.9
C00090-A2,C00090,Savings,EUR,2019-10-21,Active,223512.73
C00091-A1,C00091,Securities,EUR,2024-05-20,Active,231372.58
C00092-A1,C00092,Savings,EUR,2022-03-29,Active,150913.2
C00092-A2,C00092,Checking,CHF,2024-01-29,Active,66651.1
C00093-A1,C00093,Savings,EUR,2019-10-29,Active,209970.94
C00093-A2,C00093,Business,EUR,2023-05-31,Active,188134.28
C00094-A1,C00094,Business,USD,2019-02-02,Active,233619.74
C00094-A2,C00094,Securities,USD,2019-02-17,Active,230178.04
C00095-A1,C00095,Savings,USD,2020-04-11,Active,167683.13
C00096-A1,C00096,Checking,GBP,2024-08-30,Active,47712.57
C00096-A2,C00096,Securities,EUR,2019-05-26,Active,176860.21
C00096-A3,C00096,Securities,CHF,2020-06-02,Closed,49021.63
C00097-A1,C00097,Business,USD,2019-11-03,Active,61342.82
C00097-A2,C00097,Business,GBP,2023-09-08,Closed,134549.14
C00098-A1,C00098,Checking,USD,2024-06-20,Active,158230.76
C00098-A2,C00098,Savings,EUR,2023-09-15,Active,73477.43
C00099-A1,C00099,Business,USD,2022-04-12,Active,173050.54
C00099-A2,C00099,Business,EUR,2021-11-13,Closed,211206.52
C00100-A1,C00100,Business,GBP,2018-03-15,Closed,243242.4
C00100-A2,C00100,Savings,GBP,2021-12-25,Active,248168.61
C00101-A1,C00101,Business,EUR,2018-04-12,Active,127517.98
C00102-A1,C00102,Checking,EUR,2021-08-22,Active,21668.23
C00103-A1,C00103,Savings,CHF,2022-08-16,Active,170425.28
C00103-A2,C00103,Securities,CHF,2019-09-04,Active,92016.47
C00103-A3,C00103,Savings,USD,2018-08-29,Active,34500.21
C00104-A1,C00104,Savings,USD,2022-08-17,Active,99250.57
C00105-A1,C00105,Securities,USD,2019-01-28,Active,65263.28
C00106-A1,C00106,Savings,EUR,2024-03-30,Active,179393.32
C00106-A2,C00106,Checking,EUR,2023-05-11,Active,143820.5
C00107-A1,C00107,Savings,CHF,2021-11-12,Active,85050.4
C00107-A2,C00107,Checking,CHF,2024-05-01,Active,178288.0
C00107-A3,C00107,Checking,GBP,2023-11-08,Active,216844.58
C00108-A1,C00108,Checking,GBP,2018-06-11,Active,228277.96
C00109-A1,C00109,Checking,GBP,2021-08-10,Active,16134.06
C00110-A1,C00110,Checking,CHF,2019-09-04,Active,168499.81
C00110-A2,C00110,Savings,CHF,2021-06-04,Closed,159423.23
C00111-A1,C00111,Securities,EUR,2019-05-13,Active,21287.83
C00111-A2,C00111,Securities,EUR,2022-09-04,Active,8080.94
C00111-A3,C00111,Business,GBP,2021-11-28,Active,232315.96
C00112-A1,C00112,Savings,CHF,2019-11-17,Active,168450.74
C00112-A2,C00112,Savings,EUR,2018-10-13,Closed,201609.34
C00113-A1,C00113,Savings,USD,2024-08-15,Active,54656.79
C00113-A2,C00113,Securities,USD,2023-04-07,Closed,8473.76
C00113-A3,C00113,Checking,GBP,2018-08-10,Active,129259.66
C00114-A1,C00114,Business,EUR,2024-12-15,Closed,106799.28
C00115-A1,C00115,Securities,GBP,2022-07-17,Active,147075.1
C00116-A1,C00116,Business,USD,2020-08-24,Active,103635.66
C00116-A2,C00116,Securities,USD,2019-10-18,Active,112678.99
C00117-A1,C00117,Securities,GBP,2024-10-19,Active,38186.06
C00117-A2,C00117,Checking,EUR,2024-09-15,Active,239533.97
C00118-A1,C00118,Business,GBP,2024-05-23,Closed,231566.75
C00118-A2,C00118,Securities,USD,2022-09-11,Active,22796.85
C00118-A3,C00118,Checking,EUR,2018-11-16,Active,148792.61
C00119-A1,C00119,Checking,CHF,2020-03-10,Active,206056.91
C00120-A1,C00120,Checking,CHF,2020-05-23,Closed,203384.99
C00120-A2,C00120,Business,USD,2024-11-21,Active,35627.69
C00120-A3,C00120,Securities,CHF,2019-07-28,Active,151873.49
C00121-A1,C00121,Securities,GBP,2023-04-19,Active,102889.13
C00121-A2,C00121,Checking,USD,2023-09-30,Active,69294.09
C00121-A3,C00121,Checking,EUR,2024-01-17,Closed,295.07
C00122-A1,C00122,Business,GBP,2019-04-07,Active,132961.54
C00123-A1,C00123,Business,USD,2022-01-26,Active,4411.5
C00124-A1,C00124,Business,USD,2023-12-02,Closed,186933.87
C00124-A2,C00124,Business,GBP,2021-02-03,Active,23615.24
C00125-A1,C00125,Checking,EUR,2020-08-12,Active,51020.09
C00125-A2,C00125,Business,CHF,2022-06-08,Active,67897.45
C00125-A3,C00125,Savings,EUR,2020-01-11,Active,208595.1
C00126-A1,C00126,Securities,USD,2020-02-12,Closed,73721.25
C00126-A2,C00126,Securities,EUR,2019-07-13,Active,61234.16
C00126-A3,C00126,Checking,USD,2018-05-16,Active,1363.97
C00127-A1,C00127,Business,EUR,2022-04-15,Active,141067.16
C00127-A2,C00127,Savings,CHF,2018-12-15,Active,243788.51
C00128-A1,C00128,Savings,CHF,2020-04-29,Closed,140310.76
C00129-A1,C00129,Savings,EUR,2023-11-06,Active,38164.91
C00130-A1,C00130,Savings,GBP,2019-09-12,Active,58361.44
C00131-A1,C00131,Savings,EUR,2021-12-16,Active,188372.72
C00131-A2,C00131,Securities,USD,2018-08-13,Closed,106048.63
C00131-A3,C00131,Checking,GBP,2022-10-02,Active,12878.84
C00132-A1,C00132,Checking,EUR,2021-11-05,Active,4941.92
C00132-A2,C00132,Savings,GBP,2020-12-08,Active,187576.2
C00133-A1,C00133,Business,USD,2022-10-07,Closed,180212.08
C00133-A2,C00133,Savings,GBP,2023-09-17,Active,95943.28
C00134-A1,C00134,Checking,USD,2022-11-23,Closed,157424.27
C00134-A2,C00134,Savings,EUR,2020-10-24,Active,20566.09
C00135-A1,C00135,Business,GBP,2021-09-13,Active,15116.75
C00135-A2,C00135,Business,CHF,2018-07-13,Active,26202.16
C00135-A3,C00135,Business,GBP,2023-01-20,Active,191724.1
C00136-A1,C00136,Securities,USD,2019-11-20,Active,182093.32
C00137-A1,C00137,Savings,CHF,2024-11-10,Active,77699.13
C00137-A2,C00137,Business,EUR,2023-02-22,Active,177518.9
C00138-A1,C00138,Securities,EUR,2024-02-23,Closed,83267.37
C00138-A2,C00138,Checking,USD,2018-03-05,Closed,40589.32
C00138-A3,C00138,Checking,GBP,2022-11-03,Active,93678.86
C00139-A1,C00139,Securities,CHF,2023-09-15,Active,1673.87
C00139-A2,C00139,Business,EUR,2018-09-15,Closed,85849.18
C00140-A1,C00140,Checking,CHF,2022-10-21,Closed,87802.74
C00140-A2,C00140,Checking,GBP,2023-04-21,Active,119536.82
C00140-A3,C00140,Checking,CHF,2018-06-19,Active,65274.4
C00141-A1,C00141,Business,CHF,2018-10-25,Closed,34368.37
C00142-A1,C00142,Securities,USD,2019-11-09,Active,91464.27
C00142-A2,C00142,Business,EUR,2022-02-16,Closed,249641.37
C00143-A1,C00143,Business,USD,2024-03-06,Closed,97637.56
C00144-A1,C00144,Checking,CHF,2024-01-20,Active,55686.99
C00144-A2,C00144,Securities,CHF,2024-01-12,Closed,236955.46
C00145-A1,C00145,Securities,USD,2024-11-26,Active,146381.01
C00145-A2,C00145,Savings,EUR,2020-08-05,Active,134270.32
C00146-A1,C00146,Securities,EUR,2020-05-28,Active,88294.56
C00146-A2,C00146,Savings,CHF,2020-01-22,Active,8383.7
C00146-A3,C00146,Savings,EUR,2018-11-06,Active,12303.17
C00147-A1,C00147,Savings,EUR,2018-10-21,Active,219288.07
C00147-A2,C00147,Savings,EUR,2019-01-14,Active,120619.82
C00148-A1,C00148,Checking,GBP,2020-01-29,Active,244710.58
C00148-A2,C00148,Checking,GBP,2021-11-07,Active,32812.34
C00148-A3,C00148,Securities,GBP,2019-01-07,Active,220299.44
C00149-A1,C00149,Business,EUR,2024-06-16,Active,51321.06
C00150-A1,C00150,Securities,EUR,2023-05-31,Closed,25678.33
C00150-A2,C00150,Securities,USD,2019-09-18,Closed,16443.62
C00151-A1,C00151,Securities,CHF,2022-05-29,Closed,182954.81
C00152-A1,C00152,Savings,USD,2021-03-25,Active,226596.06
C00153-A1,C00153,Checking,CHF,2021-12-12,Active,189056.39
C00154-A1,C00154,Savings,GBP,2024-08-03,Active,234068.89
C00154-A2,C00154,Checking,EUR,2024-09-05,Active,60655.73
C00155-A1,C00155,Business,EUR,2023-04-24,Closed,62836.67
C00155-A2,C00155,Checking,CHF,2020-03-20,Active,157801.29
C00156-A1,C00156,Checking,GBP,2020-03-17,Closed,21670.93
C00156-A2,C00156,Checking,EUR,2019-10-18,Active,192694.34
C00157-A1,C00157,Checking,CHF,2021-06-21,Closed,48441.78
C00157-A2,C00157,Checking,CHF,2024-06-18,Active,75824.2
C00157-A3,C00157,Savings,CHF,2018-05-25,Closed,181891.82
C00158-A1,C00158,Securities,USD,2023-07-14,Active,218112.41
C00158-A2,C00158,Securities,GBP,2020-03-30,Closed,4168.14
C00158-A3,C00158,Business,EUR,2021-10-03,Active,164577.9
C00159-A1,C00159,Savings,EUR,2018-10-22,Active,107966.67
C00159-A2,C00159,Securities,EUR,2020-02-19,Active,225775.9
C00160-A1,C00160,Checking,USD,2022-10-11,Closed,8889.52
C00160-A2,C00160,Checking,CHF,2024-11-26,Closed,247095.01
C00160-A3,C00160,Savings,USD,2019-09-23,Active,128347.27
C00161-A1,C00161,Checking,USD,2018-07-19,Active,248303.46
C00161-A2,C00161,Securities,EUR,2022-12-15,Active,79711.52
C00161-A3,C00161,Securities,EUR,2024-09-10,Active,193776.75
C00162-A1,C00162,Securities,EUR,2022-01-27,Active,3995.3
C00162-A2,C00162,Checking,CHF,2019-05-04,Closed,99390.0
C00162-A3,C00162,Savings,USD,2019-05-25,Active,77002.85
C00163-A1,C00163,Checking,CHF,2024-04-21,Active,134505.68
C00163-A2,C00163,Business,EUR,2020-03-31,Active,117966.42
C00164-A1,C00164,Savings,GBP,2023-12-16,Active,173159.71
C00164-A2,C00164,Business,EUR,2020-01-22,Closed,172620.51
C00164-A3,C00164,Business,CHF,2023-10-12,Active,237368.03
C00165-A1,C00165,Business,CHF,2018-08-14,Active,81117.47
C00165-A2,C00165,Business,EUR,2019-02-14,Closed,240322.38
C00165-A3,C00165,Business,GBP,2019-09-03,Active,203278.77
C00166-A1,C00166,Securities,EUR,2019-07-11,Active,109227.29
C00167-A1,C00167,Business,EUR,2024-01-28,Active,121864.6
C00168-A1,C00168,Business,CHF,2018-06-22,Active,172013.46
C00168-A2,C00168,Checking,USD,2023-06-20,Active,203875.21
C00169-A1,C00169,Savings,USD,2023-04-29,Active,183939.24
C00169-A2,C00169,Business,USD,2018-04-23,Active,179120.79
C00170-A1,C00170,Savings,GBP,2020-07-17,Active,73873.6
C00171-A1,C00171,Checking,GBP,2019-01-20,Active,105664.89
C00171-A2,C00171,Checking,EUR,2023-08-20,Active,38922.32
C00171-A3,C00171,Savings,EUR,2019-03-10,Active,17082.24
C00172-A1,C00172,Securities,CHF,2024-11-23,Active,219901.99
C00172-A2,C00172,Checking,USD,2019-11-14,Closed,80484.09
C00172-A3,C00172,Checking,GBP,2021-06-23,Active,299.95
C00173-A1,C00173,Checking,EUR,2021-01-09,Closed,82083.88
C00174-A1,C00174,Business,USD,2019-11-29,Active,119918.7
C00174-A2,C00174,Business,CHF,2022-06-30,Active,188517.44
C00174-A3,C00174,Savings,EUR,2022-10-09,Active,511.44
C00175-A1,C00175,Securities,CHF,2023-06-08,Active,248431.6
C00175-A2,C00175,Business,USD,2021-12-06,Active,87629.75
C00176-A1,C00176,Business,GBP,2018-02-11,Active,210902.79
C00176-A2,C00176,Checking,GBP,2020-04-20,Active,132880.81
C00177-A1,C00177,Savings,CHF,2018-04-13,Active,161516.33
C00177-A2,C00177,Business,CHF,2018-10-20,Closed,85080.76
C00177-A3,C00177,Savings,USD,2020-12-14,Active,167377.87
C00178-A1,C00178,Business,EUR,2023-12-07,Active,35610.47
C00179-A1,C00179,Business,EUR,2024-10-23,Active,183315.74
C00180-A1,C00180,Business,USD,2024-09-13,Active,69407.99
C00180-A2,C00180,Savings,EUR,2019-11-03,Closed,94513.87
C00180-A3,C00180,Savings,CHF,2021-06-09,Active,88524.97
C00181-A1,C00181,Savings,EUR,2021-03-31,Active,160956.51
C00181-A2,C00181,Checking,GBP,2018-02-13,Closed,233554.92
C00182-A1,C00182,Savings,USD,2024-03-29,Active,114244.62
C00183-A1,C00183,Business,USD,2018-06-22,Closed,216727.87
C00183-A2,C00183,Business,GBP,2021-06-10,Active,156711.54
C00184-A1,C00184,Checking,USD,2020-04-02,Closed,247378.15
C00185-A1,C00185,Savings,GBP,2020-06-23,Active,66051.79
C00186-A1,C00186,Business,USD,2024-01-09,Active,16717.1
C00186-A2,C00186,Securities,CHF,2024-10-04,Active,215577.28
C00186-A3,C00186,Business,USD,2020-04-14,Active,209189.97
C00187-A1,C00187,Securities,EUR,2023-04-17,Closed,47494.31
C00187-A2,C00187,Savings,USD,2022-10-22,Active,168076.75
C00187-A3,C00187,Checking,EUR,2021-05-26,Active,139857.23
C00188-A1,C00188,Checking,CHF,2022-08-21,Active,9729.35
C00189-A1,C00189,Savings,GBP,2021-12-11,Closed,27031.77
C00189-A2,C00189,Checking,USD,2021-12-03,Active,176158.83
C00190-A1,C00190,Business,USD,2024-03-18,Closed,156719.22
C00190-A2,C00190,Securities,EUR,2022-09-12,Active,246605.31
C00190-A3,C00190,Savings,GBP,2023-09-21,Active,200803.5
C00191-A1,C00191,Checking,CHF,2018-11-24,Active,202072.73
C00191-A2,C00191,Business,CHF,2021-05-23,Closed,29881.49
C00191-A3,C00191,Business,GBP,2024-02-26,Active,169815.75
C00192-A1,C00192,Checking,GBP,2023-02-06,Closed,154285.84
C00193-A1,C00193,Checking,GBP,2022-11-15,Active,120206.46
C00193-A2,C00193,Savings,USD,2024-09-01,Active,184896.56
C00194-A1,C00194,Checking,EUR,2018-11-05,Closed,87797.19
C00195-A1,C00195,Securities,CHF,2019-12-28,Closed,55632.18
C00195-A2,C00195,Securities,USD,2021-08-21,Active,141504.26
C00196-A1,C00196,Securities,GBP,2022-05-24,Active,193638.42
C00196-A2,C00196,Checking,CHF,2021-08-11,Closed,166901.87
C00197-A1,C00197,Business,EUR,2023-01-16,Active,57000.99
C00198-A1,C00198,Checking,CHF,2023-03-23,Active,19076.51
C00199-A1,C00199,Business,GBP,2020-01-18,Active,132772.81
C00200-A1,C00200,Business,GBP,2018-09-10,Active,188789.1
C00201-A1,C00201,Business,GBP,2019-10-25,Active,76731.78
C00201-A2,C00201,Checking,USD,2018-08-28,Active,240692.28
C00201-A3,C00201,Checking,USD,2020-02-27,Active,216782.1
C00202-A1,C00202,Securities,CHF,2021-11-26,Closed,249823.57
C00202-A2,C00202,Securities,EUR,2018-04-20,Active,168911.03
C00202-A3,C00202,Business,EUR,2021-12-30,Active,47841.97
C00203-A1,C00203,Securities,GBP,2018-10-15,Active,45823.5
C00204-A1,C00204,Business,GBP,2020-09-07,Closed,208804.48
C00204-A2,C00204,Checking,USD,2019-06-27,Closed,217821.77
C00204-A3,C00204,Savings,USD,2019-02-03,Active,53215.17
C00205-A1,C00205,Savings,CHF,2021-09-08,Active,69090.1
C00205-A2,C00205,Checking,USD,2022-04-05,Closed,23161.33
C00206-A1,C00206,Securities,GBP,2020-07-08,Active,205587.57
C00207-A1,C00207,Business,USD,2021-02-20,Active,136509.04
C00207-A2,C00207,Business,CHF,2024-12-23,Active,247423.11
C00207-A3,C00207,Savings,USD,2023-05-13,Closed,57099.67
C00208-A1,C00208,Savings,GBP,2022-02-13,Active,91175.45
C00208-A2,C00208,Securities,USD,2019-12-30,Active,134248.48
C00208-A3,C00208,Savings,GBP,2019-02-17,Active,242785.28
C00209-A1,C00209,Savings,GBP,2023-12-04,Closed,218620.45
C00210-A1,C00210,Securities,CHF,2021-08-24,Closed,65348.02
C00210-A2,C00210,Checking,GBP,2023-06-01,Active,47699.03
C00210-A3,C00210,Savings,CHF,2021-05-31,Active,83778.68
C00211-A1,C00211,Business,EUR,2020-08-20,Active,29012.64
C00212-A1,C00212,Savings,EUR,2022-10-29,Active,93970.03
C00212-A2,C00212,Business,USD,2023-01-27,Active,208698.85
C00213-A1,C00213,Checking,EUR,2024-02-13,Closed,247597.79
C00214-A1,C00214,Checking,GBP,2021-12-17,Closed,139455.93
C00214-A2,C00214,Securities,USD,2020-08-29,Active,231149.18
C00214-A3,C00214,Business,USD,2018-09-24,Active,128266.4
C00215-A1,C00215,Savings,CHF,2021-09-15,Active,104448.42
C00215-A2,C00215,Securities,CHF,2023-12-20,Closed,45245.77
C00216-A1,C00216,Securities,EUR,2022-09-27,Active,73995.96
C00217-A1,C00217,Savings,GBP,2020-11-25,Active,241620.23
C00217-A2,C00217,Checking,EUR,2024-07-19,Active,24190.34
C00217-A3,C00217,Business,CHF,2022-08-28,Active,72801.73
C00218-A1,C00218,Securities,EUR,2024-09-13,Closed,53404.85
C00219-A1,C00219,Securities,CHF,2023-10-10,Active,69071.55
C00219-A2,C00219,Business,GBP,2021-06-28,Closed,69414.07
C00220-A1,C00220,Securities,USD,2019-01-03,Active,193650.08
C00220-A2,C00220,Securities,EUR,2018-08-23,Active,186272.6
C00221-A1,C00221,Checking,GBP,2019-04-10,Active,193877.76
C00222-A1,C00222,Checking,EUR,2024-10-28,Active,89511.66
C00222-A2,C00222,Savings,GBP,2020-03-03,Closed,101357.8
C00223-A1,C00223,Checking,GBP,2020-08-20,Active,59547.74
C00223-A2,C00223,Checking,EUR,2018-03-09,Closed,241959.48
C00224-A1,C00224,Business,USD,2024-08-19,Active,233161.92
C00224-A2,C00224,Savings,USD,2022-05-14,Closed,219908.46
C00224-A3,C00224,Checking,USD,2020-07-21,Closed,228490.03
C00225-A1,C00225,Securities,GBP,2024-12-07,Closed,163349.14
C00225-A2,C00225,Securities,CHF,2018-02-03,Active,218636.48
C00225-A3,C00225,Business,GBP,2022-01-18,Active,129991.08
C00226-A1,C00226,Savings,GBP,2023-05-17,Closed,6880.77
C00227-A1,C00227,Savings,GBP,2022-09-27,Closed,236458.59
C00227-A2,C00227,Checking,USD,2020-12-13,Active,152443.52
C00228-A1,C00228,Savings,USD,2021-12-03,Active,1175.62
C00228-A2,C00228,Checking,CHF,2020-07-18,Active,187458.18
C00228-A3,C00228,Business,GBP,2019-01-11,Active,155695.45
C00229-A1,C00229,Checking,GBP,2020-10-20,Closed,80175.32
C00230-A1,C00230,Securities,USD,2021-04-05,Active,79356.96
C00230-A2,C00230,Checking,CHF,2018-08-05,Closed,142747.19
C00230-A3,C00230,Savings,USD,2022-03-08,Active,98827.05
C00231-A1,C00231,Checking,GBP,2018-05-20,Active,45551.31
C00232-A1,C00232,Business,EUR,2024-01-09,Active,51560.78
C00232-A2,C00232,Business,EUR,2018-08-29,Closed,84508.38
C00233-A1,C00233,Checking,CHF,2023-01-31,Active,29006.79
C00233-A2,C00233,Checking,CHF,2019-10-14,Closed,200327.21
C00234-A1,C00234,Checking,USD,2019-01-08,Active,48074.93
C00234-A2,C00234,Securities,EUR,2023-03-12,Active,51472.02
C00235-A1,C00235,Checking,USD,2024-08-12,Active,150982.82
C00235-A2,C00235,Checking,USD,2019-04-18,Active,177304.05
C00235-A3,C00235,Securities,CHF,2018-01-21,Active,102166.8
C00236-A1,C00236,Checking,USD,2020-11-21,Active,161042.52
C00237-A1,C00237,Savings,USD,2020-07-11,Active,85247.86
C00237-A2,C00237,Checking,CHF,2018-02-22,Closed,19094.27
C00238-A1,C00238,Checking,CHF,2022-09-15,Active,217292.33
C00238-A2,C00238,Securities,CHF,2024-07-14,Active,167592.28
C00238-A3,C00238,Business,GBP,2021-11-22,Active,183375.93
C00239-A1,C00239,Checking,EUR,2024-06-05,Active,91244.96
C00239-A2,C00239,Securities,USD,2018-10-08,Active,93925.8
C00240-A1,C00240,Savings,CHF,2020-04-27,Active,59201.21
C00241-A1,C00241,Savings,CHF,2024-04-28,Active,244232.88
C00242-A1,C00242,Checking,EUR,2022-02-18,Active,237806.36
C00243-A1,C00243,Business,EUR,2024-12-20,Active,131921.33
C00243-A2,C00243,Securities,USD,2022-04-08,Active,67801.19
C00243-A3,C00243,Business,USD,2018-11-17,Active,183249.68
C00244-A1,C00244,Savings,CHF,2024-12-20,Active,134160.38
C00244-A2,C00244,Securities,GBP,2018-12-05,Closed,192126.36
C00245-A1,C00245,Savings,GBP,2023-01-12,Active,154451.36
C00246-A1,C00246,Checking,GBP,2022-10-02,Active,213128.44
C00247-A1,C00247,Business,EUR,2021-11-25,Active,245431.86
C00247-A2,C00247,Securities,USD,2023-09-22,Active,147550.43
C00247-A3,C00247,Securities,USD,2024-05-20,Active,208540.14
C00248-A1,C00248,Business,GBP,2024-10-03,Closed,46270.72
C00248-A2,C00248,Savings,CHF,2018-05-30,Active,16484.6
C00249-A1,C00249,Business,GBP,2024-01-18,Active,246599.16
C00250-A1,C00250,Checking,CHF,2019-06-27,Active,172710.57
C00250-A2,C00250,Checking,USD,2019-01-23,Closed,55196.34
C00250-A3,C00250,Checking,USD,2024-08-18,Active,76037.46
C00251-A1,C00251,Savings,GBP,2020-12-15,Active,158108.49
C00251-A2,C00251,Securities,CHF,2022-07-24,Active,4838.12
C00251-A3,C00251,Securities,CHF,2020-01-10,Active,79794.24
C00252-A1,C00252,Securities,GBP,2024-04-07,Closed,131614.78
C00253-A1,C00253,Savings,GBP,2024-08-10,Closed,188881.66
C00253-A2,C00253,Savings,USD,2023-07-01,Active,151909.76
C00254-A1,C00254,Savings,USD,2019-07-14,Active,183056.67
C00254-A2,C00254,Checking,GBP,2022-03-30,Closed,30620.18
C00254-A3,C00254,Checking,GBP,2020-07-31,Active,90565.32
C00255-A1,C00255,Business,USD,2023-12-09,Active,194054.87
C00256-A1,C00256,Securities,GBP,2022-10-25,Active,120242.81
C00256-A2,C00256,Securities,USD,2018-08-28,Active,113527.58
C00256-A3,C00256,Business,CHF,2024-07-08,Active,100805.92
C00257-A1,C00257,Business,CHF,2018-12-25,Active,239620.4
C00257-A2,C00257,Securities,USD,2023-09-06,Active,116438.18
C00258-A1,C00258,Checking,CHF,2023-11-09,Active,244874.67
C00258-A2,C00258,Savings,CHF,2018-07-25,Closed,97023.04
C00258-A3,C00258,Securities,USD,2024-11-13,Active,195871.48
C00259-A1,C00259,Checking,GBP,2018-03-14,Active,217785.37
C00259-A2,C00259,Savings,EUR,2019-11-26,Closed,229829.58
C00259-A3,C00259,Securities,CHF,2020-03-11,Active,25740.61
C00260-A1,C00260,Savings,EUR,2020-11-01,Closed,180345.35
C00260-A2,C00260,Savings,USD,2020-01-02,Active,83880.83
C00261-A1,C00261,Checking,USD,2019-03-13,Active,8247.95
C00262-A1,C00262,Savings,GBP,2021-01-03,Active,15873.04
C00262-A2,C00262,Business,USD,2019-05-24,Closed,173498.9
C00263-A1,C00263,Business,USD,2018-01-10,Active,220310.12
C00263-A2,C00263,Checking,CHF,2021-12-11,Active,168131.47
C00263-A3,C00263,Savings,CHF,2018-04-14,Closed,76736.9
C00264-A1,C00264,Business,CHF,2024-06-05,Active,181681.68
C00264-A2,C00264,Savings,USD,2020-12-29,Active,127170.35
C00264-A3,C00264,Checking,CHF,2024-12-05,Active,212466.47
C00265-A1,C00265,Business,USD,2022-01-20,Closed,49575.58
C00265-A2,C00265,Savings,CHF,2019-02-06,Active,45470.78
C00266-A1,C00266,Business,CHF,2022-03-31,Active,169457.9
C00267-A1,C00267,Business,EUR,2020-07-12,Active,33731.38
C00267-A2,C00267,Securities,USD,2022-09-02,Closed,51075.01
C00268-A1,C00268,Securities,GBP,2019-07-07,Closed,193951.03
C00268-A2,C00268,Checking,GBP,2024-09-15,Closed,180287.05
C00269-A1,C00269,Savings,EUR,2019-07-11,Active,70213.9
C00269-A2,C00269,Business,EUR,2024-04-05,Closed,155613.35
C00269-A3,C00269,Checking,CHF,2020-12-20,Closed,121094.59
C00270-A1,C00270,Savings,CHF,2020-07-17,Active,232877.02
C00270-A2,C00270,Business,GBP,2018-06-18,Active,6623.57
C00271-A1,C00271,Business,USD,2020-10-31,Active,12023.68
C00271-A2,C00271,Savings,GBP,2020-12-03,Active,94711.88
C00271-A3,C00271,Securities,CHF,2020-12-22,Closed,108390.44
C00272-A1,C00272,Checking,GBP,2023-12-31,Active,13124.21
C00273-A1,C00273,Savings,CHF,2019-01-11,Closed,57818.31
C00273-A2,C00273,Securities,GBP,2021-10-01,Active,58600.36
C00274-A1,C00274,Business,USD,2019-05-08,Active,200940.36
C00274-A2,C00274,Savings,CHF,2023-02-10,Active,90387.86
C00274-A3,C00274,Checking,CHF,2022-08-28,Active,208419.98
C00275-A1,C00275,Business,GBP,2018-10-04,Active,190908.43
C00276-A1,C00276,Securities,GBP,2021-09-14,Active,178779.37
C00276-A2,C00276,Checking,USD,2020-11-30,Active,108247.12
C00276-A3,C00276,Checking,CHF,2023-05-28,Active,66502.06
C00277-A1,C00277,Business,CHF,2020-09-19,Active,207148.34
C00277-A2,C00277,Business,GBP,2021-11-07,Active,141208.64
C00277-A3,C00277,Securities,CHF,2022-06-25,Active,119770.07
C00278-A1,C00278,Savings,EUR,2018-10-13,Active,32190.43
C00279-A1,C00279,Savings,GBP,2024-11-22,Active,204957.71
C00279-A2,C00279,Savings,EUR,2019-04-09,Active,188778.11
C00279-A3,C00279,Business,GBP,2018-01-04,Active,102795.29
C00280-A1,C00280,Checking,EUR,2022-09-26,Closed,191185.5
C00280-A2,C00280,Business,USD,2021-12-10,Active,208397.67
C00281-A1,C00281,Checking,USD,2022-03-01,Closed,44695.75
C00281-A2,C00281,Savings,CHF,2019-09-30,Active,145929.57
C00281-A3,C00281,Business,USD,2018-08-26,Closed,175655.16
C00282-A1,C00282,Savings,GBP,2021-11-11,Active,94643.08
C00283-A1,C00283,Securities,CHF,2019-12-01,Closed,200938.42
C00284-A1,C00284,Checking,CHF,2022-10-06,Active,209429.84
C00285-A1,C00285,Securities,EUR,2020-07-07,Active,31159.53
C00286-A1,C00286,Securities,EUR,2023-02-26,Active,50608.77
C00286-A2,C00286,Checking,EUR,2024-07-05,Active,220512.6
C00286-A3,C00286,Savings,GBP,2019-10-22,Active,71724.77
C00287-A1,C00287,Business,USD,2021-03-30,Closed,22022.43
C00288-A1,C00288,Securities,USD,2023-08-06,Active,74721.45
C00288-A2,C00288,Checking,CHF,2023-10-23,Active,61706.74
C00289-A1,C00289,Checking,EUR,2024-05-04,Active,193550.5
C00290-A1,C00290,Checking,CHF,2018-04-14,Active,118304.39
C00290-A2,C00290,Savings,USD,2022-11-10,Active,7101.89
C00291-A1,C00291,Savings,USD,2022-12-26,Active,191402.62
C00292-A1,C00292,Checking,GBP,2018-03-24,Active,152432.39
C00292-A2,C00292,Securities,GBP,2021-08-06,Active,243672.75
C00292-A3,C00292,Savings,USD,2021-07-20,Closed,156029.17
C00293-A1,C00293,Savings,EUR,2020-04-23,Closed,81683.96
C00293-A2,C00293,Checking,CHF,2020-03-20,Active,52780.16
C00294-A1,C00294,Securities,EUR,2022-06-11,Active,86333.7
C00295-A1,C00295,Securities,GBP,2024-04-24,Active,126213.93
C00296-A1,C00296,Checking,EUR,2022-01-08,Active,104734.74
C00297-A1,C00297,Checking,GBP,2024-01-29,Active,171001.74
C00298-A1,C00298,Savings,CHF,2019-02-24,Active,121184.02
C00298-A2,C00298,Checking,USD,2021-01-19,Active,92312.12
C00299-A1,C00299,Business,USD,2020-10-21,Active,116031.31
C00299-A2,C00299,Securities,EUR,2021-03-16,Active,168258.06
C00299-A3,C00299,Business,USD,2020-04-05,Active,137283.9
C00300-A1,C00300,Savings,USD,2022-09-23,Active,177935.86
C00300-A2,C00300,Savings,USD,2022-03-13,Active,47836.77
C00301-A1,C00301,Business,EUR,2021-03-06,Active,156643.94
C00301-A2,C00301,Savings,GBP,2021-09-16,Active,29616.4
C00301-A3,C00301,Savings,CHF,2020-02-08,Active,223320.75
C00302-A1,C00302,Savings,GBP,2022-10-05,Active,194156.5
C00302-A2,C00302,Checking,USD,2019-12-20,Active,14763.98
C00303-A1,C00303,Business,USD,2021-11-02,Active,123891.3
C00303-A2,C00303,Savings,CHF,2022-04-06,Active,100059.47
C00303-A3,C00303,Checking,CHF,2022-07-02,Active,214811.49
C00304-A1,C00304,Savings,USD,2022-03-01,Active,2791.41
C00304-A2,C00304,Securities,USD,2020-10-11,Active,77699.11
C00305-A1,C00305,Checking,USD,2021-01-18,Active,113052.92
C00305-A2,C00305,Securities,EUR,2022-02-06,Active,105440.8
C00306-A1,C00306,Checking,GBP,2023-01-04,Active,27424.87
C00307-A1,C00307,Business,USD,2020-03-13,Active,106471.91
C00307-A2,C00307,Business,GBP,2024-08-08,Active,6691.32
C00308-A1,C00308,Securities,USD,2020-12-05,Active,201027.1
C00309-A1,C00309,Checking,GBP,2018-04-25,Active,182786.56
C00309-A2,C00309,Savings,EUR,2023-08-11,Active,66813.24
C00309-A3,C00309,Business,CHF,2019-04-06,Closed,56852.14
C00310-A1,C00310,Securities,GBP,2018-02-23,Active,29855.72
C00310-A2,C00310,Checking,USD,2024-01-18,Active,21631.55
C00310-A3,C00310,Business,USD,2019-03-21,Active,184370.53
C00311-A1,C00311,Business,CHF,2021-05-12,Closed,249188.39
C00312-A1,C00312,Savings,EUR,2019-07-20,Active,210209.93
C00313-A1,C00313,Securities,EUR,2024-03-13,Active,61484.37
C00313-A2,C00313,Savings,EUR,2021-07-01,Active,42970.08
C00314-A1,C00314,Savings,USD,2022-09-06,Active,200918.01
C00314-A2,C00314,Securities,EUR,2023-05-18,Active,35690.74
C00314-A3,C00314,Savings,EUR,2021-01-28,Closed,142944.31
C00315-A1,C00315,Savings,CHF,2018-03-17,Closed,183547.27
C00315-A2,C00315,Securities,GBP,2024-06-12,Closed,40315.7
C00316-A1,C00316,Securities,GBP,2020-11-01,Active,134694.11
C00316-A2,C00316,Securities,GBP,2024-03-22,Closed,166330.06
C00317-A1,C00317,Checking,GBP,2018-11-07,Active,83573.01
C00317-A2,C00317,Checking,GBP,2019-09-09,Active,70199.55
C00317-A3,C00317,Savings,USD,2022-10-29,Closed,176759.34
C00318-A1,C00318,Checking,USD,2018-02-25,Closed,187106.07
C00319-A1,C00319,Securities,EUR,2023-12-18,Closed,68304.29
C00319-A2,C00319,Securities,USD,2019-06-14,Closed,74060.53
C00319-A3,C00319,Business,GBP,2022-06-05,Active,179458.18
C00320-A1,C00320,Savings,EUR,2022-09-17,Active,140354.4
C00320-A2,C00320,Savings,EUR,2024-12-25,Active,196578.01
C00321-A1,C00321,Business,USD,2023-02-24,Active,59638.69
C00322-A1,C00322,Business,GBP,2023-10-23,Closed,33460.73
C00322-A2,C00322,Securities,USD,2018-10-20,Active,161304.74
C00323-A1,C00323,Savings,CHF,2021-04-06,Closed,198359.39
C00324-A1,C00324,Savings,CHF,2024-09-11,Closed,222790.36
C00324-A2,C00324,Business,GBP,2021-01-21,Active,171181.83
C00324-A3,C00324,Business,GBP,2021-12-22,Active,83482.68
C00325-A1,C00325,Savings,CHF,2021-02-10,Active,77092.95
C00325-A2,C00325,Savings,GBP,2019-11-30,Active,53380.01
C00325-A3,C00325,Business,GBP,2022-08-07,Active,23925.35
C00326-A1,C00326,Savings,GBP,2022-05-22,Active,134847.62
C00326-A2,C00326,Business,EUR,2024-09-11,Active,193536.2
C00327-A1,C00327,Checking,GBP,2018-05-08,Active,197334.43
C00327-A2,C00327,Securities,USD,2021-05-05,Closed,86565.27
C00328-A1,C00328,Savings,USD,2020-09-19,Active,167071.75
C00328-A2,C00328,Checking,EUR,2023-11-27,Closed,85549.07
C00329-A1,C00329,Business,EUR,2021-07-19,Active,248085.98
C00329-A2,C00329,Savings,CHF,2020-11-23,Closed,183141.61
C00330-A1,C00330,Checking,CHF,2021-06-14,Closed,167358.94
C00331-A1,C00331,Checking,GBP,2023-02-07,Closed,40600.34
C00331-A2,C00331,Savings,CHF,2020-09-25,Active,233796.15
C00331-A3,C00331,Business,USD,2020-09-23,Active,70327.32
C00332-A1,C00332,Securities,EUR,2023-10-03,Active,57297.85
C00333-A1,C00333,Securities,CHF,2024-05-26,Active,119938.94
C00334-A1,C00334,Savings,USD,2021-11-17,Active,179959.68
C00334-A2,C00334,Securities,CHF,2018-08-20,Active,130572.05
C00335-A1,C00335,Securities,CHF,2019-12-05,Active,157371.27
C00335-A2,C00335,Securities,CHF,2021-04-12,Active,66130.18
C00336-A1,C00336,Securities,GBP,2022-02-02,Active,230566.26
C00336-A2,C00336,Checking,EUR,2022-05-18,Active,141566.05
C00337-A1,C00337,Savings,GBP,2023-01-21,Active,157416.73
C00337-A2,C00337,Savings,GBP,2024-02-20,Active,25531.76
C00337-A3,C00337,Securities,GBP,2019-02-11,Active,5982.62
C00338-A1,C00338,Business,GBP,2023-06-08,Active,230956.18
C00338-A2,C00338,Business,USD,2023-05-04,Active,169972.97
C00339-A1,C00339,Business,EUR,2020-06-25,Active,79753.86
C00339-A2,C00339,Checking,USD,2018-01-15,Active,75366.17
C00339-A3,C00339,Business,EUR,2019-03-13,Active,69382.0
C00340-A1,C00340,Savings,CHF,2021-10-25,Closed,194193.65
C00340-A2,C00340,Business,CHF,2019-12-09,Active,232388.39
C00340-A3,C00340,Securities,USD,2024-09-06,Active,180735.44
C00341-A1,C00341,Checking,CHF,2022-07-04,Active,38782.65
C00341-A2,C00341,Checking,GBP,2023-01-18,Active,160050.66
C00342-A1,C00342,Securities,CHF,2021-01-18,Active,104892.89
C00342-A2,C00342,Securities,EUR,2024-06-29,Active,137084.96
C00342-A3,C00342,Savings,USD,2018-01-06,Active,14769.35
C00343-A1,C00343,Checking,GBP,2023-04-26,Active,152429.69
C00344-A1,C00344,Checking,CHF,2018-03-11,Active,143328.11
C00345-A1,C00345,Savings,GBP,2022-12-01,Closed,34492.87
C00345-A2,C00345,Business,USD,2018-07-17,Active,58700.24
C00345-A3,C00345,Business,EUR,2023-12-20,Active,227801.15
C00346-A1,C00346,Securities,EUR,2022-03-20,Active,74220.4
C00347-A1,C00347,Savings,EUR,2020-04-13,Closed,201266.79
C00347-A2,C00347,Savings,GBP,2020-05-29,Active,74685.95
C00348-A1,C00348,Securities,GBP,2024-12-13,Active,45942.9
C00349-A1,C00349,Business,CHF,2024-03-27,Closed,59939.16
C00349-A2,C00349,Business,GBP,2024-07-28,Active,57655.34
C00349-A3,C00349,Checking,CHF,2022-05-03,Active,41227.89
C00350-A1,C00350,Business,EUR,2021-09-18,Closed,104181.21
C00350-A2,C00350,Securities,CHF,2023-10-26,Active,29860.51
C00351-A1,C00351,Savings,USD,2020-03-06,Active,64681.47
C00352-A1,C00352,Savings,GBP,2019-06-01,Closed,68898.32
C00353-A1,C00353,Checking,EUR,2020-11-16,Active,208668.07
C00353-A2,C00353,Securities,USD,2024-05-11,Closed,181512.67
C00353-A3,C00353,Securities,USD,2019-07-29,Active,200203.28
C00354-A1,C00354,Securities,CHF,2021-05-21,Active,16296.71
C00355-A1,C00355,Securities,EUR,2018-09-06,Closed,200447.7
C00356-A1,C00356,Securities,EUR,2018-09-22,Active,75111.66
C00357-A1,C00357,Checking,GBP,2022-11-12,Active,220803.06
C00358-A1,C00358,Securities,EUR,2019-06-20,Active,200772.59
C00358-A2,C00358,Business,CHF,2023-09-07,Active,15345.59
C00358-A3,C00358,Checking,USD,2024-02-26,Active,152700.22
C00359-A1,C00359,Business,EUR,2021-07-12,Active,13114.05
C00360-A1,C00360,Savings,GBP,2020-03-27,Active,19096.0
C00360-A2,C00360,Business,EUR,2018-12-31,Active,152396.74
C00361-A1,C00361,Business,GBP,2024-07-16,Closed,93279.34
C00361-A2,C00361,Checking,GBP,2024-06-29,Closed,132354.18
C00361-A3,C00361,Checking,GBP,2019-03-21,Closed,34403.07
C00362-A1,C00362,Checking,GBP,2023-04-30,Active,108688.37
C00363-A1,C00363,Securities,GBP,2023-01-18,Active,242936.08
C00363-A2,C00363,Business,USD,2024-05-30,Active,68086.66
C00364-A1,C00364,Savings,GBP,2019-03-21,Active,116326.83
C00364-A2,C00364,Checking,GBP,2021-05-14,Active,162481.34
C00364-A3,C00364,Business,USD,2022-10-20,Active,59334.52
C00365-A1,C00365,Securities,EUR,2021-09-02,Active,179681.09
C00366-A1,C00366,Securities,EUR,2018-12-26,Closed,14619.62
C00366-A2,C00366,Business,EUR,2023-10-01,Active,209446.56
C00366-A3,C00366,Savings,EUR,2024-01-30,Active,43846.76
C00367-A1,C00367,Savings,USD,2022-04-26,Active,32907.2
C00367-A2,C00367,Business,EUR,2023-09-29,Active,131015.06
C00368-A1,C00368,Securities,EUR,2021-03-08,Active,173547.92
C00368-A2,C00368,Savings,CHF,2019-03-30,Active,37775.37
C00369-A1,C00369,Checking,GBP,2021-08-09,Active,233486.19
C00369-A2,C00369,Business,CHF,2022-12-29,Closed,121020.89
C00370-A1,C00370,Checking,CHF,2018-04-28,Closed,15321.04
C00370-A2,C00370,Business,GBP,2020-10-10,Closed,14960.19
C00370-A3,C00370,Savings,USD,2018-12-26,Active,45108.63
C00371-A1,C00371,Business,USD,2018-07-02,Active,119592.49
C00372-A1,C00372,Checking,CHF,2020-10-20,Active,136294.4
C00372-A2,C00372,Savings,USD,2019-12-26,Closed,131855.12
C00372-A3,C00372,Savings,EUR,2024-09-22,Active,210790.25
C00373-A1,C00373,Savings,GBP,2019-09-20,Active,58848.25
C00374-A1,C00374,Securities,CHF,2018-10-02,Active,205804.84
C00374-A2,C00374,Checking,USD,2024-01-05,Active,79920.67
C00375-A1,C00375,Checking,USD,2023-09-17,Active,78474.23
C00375-A2,C00375,Savings,EUR,2022-03-13,Active,46978.24
C00375-A3,C00375,Savings,CHF,2022-01-14,Active,15461.35
C00376-A1,C00376,Checking,CHF,2020-11-26,Active,173267.49
C00377-A1,C00377,Securities,CHF,2019-04-25,Active,111771.61
C00378-A1,C00378,Savings,GBP,2019-11-20,Closed,233658.81
C00379-A1,C00379,Checking,CHF,2023-05-01,Active,245798.36
C00380-A1,C00380,Savings,CHF,2021-10-18,Active,25392.14
C00380-A2,C00380,Business,CHF,2021-10-09,Active,119985.04
C00381-A1,C00381,Savings,CHF,2019-10-12,Active,114361.16
C00381-A2,C00381,Securities,USD,2018-08-04,Active,208172.93
C00381-A3,C00381,Savings,CHF,2024-04-18,Closed,130218.99
C00382-A1,C00382,Securities,CHF,2019-03-19,Active,136768.98
C00382-A2,C00382,Business,USD,2021-05-09,Active,144795.97
C00382-A3,C00382,Securities,USD,2019-12-30,Active,34083.17
C00383-A1,C00383,Business,GBP,2024-10-27,Active,74032.3
C00383-A2,C00383,Checking,EUR,2018-10-07,Active,4627.36
C00384-A1,C00384,Savings,EUR,2023-08-23,Closed,16857.35
C00385-A1,C00385,Securities,CHF,2024-04-08,Active,44872.53
C00385-A2,C00385,Securities,USD,2022-06-06,Active,192528.56
C00385-A3,C00385,Checking,EUR,2020-07-13,Active,126425.66
C00386-A1,C00386,Securities,USD,2024-06-09,Active,82224.32
C00386-A2,C00386,Securities,USD,2019-09-22,Active,229667.37
C00387-A1,C00387,Savings,EUR,2024-12-11,Active,200321.55
C00387-A2,C00387,Savings,GBP,2024-04-14,Active,107888.42
C00388-A1,C00388,Securities,EUR,2022-11-21,Active,95544.24
C00388-A2,C00388,Business,EUR,2020-02-29,Closed,120800.72
C00388-A3,C00388,Securities,CHF,2023-08-18,Active,6011.93
C00389-A1,C00389,Business,EUR,2019-07-23,Active,57441.21
C00390-A1,C00390,Securities,CHF,2020-09-09,Active,162307.75
C00390-A2,C00390,Savings,CHF,2022-11-17,Active,42530.39
C00391-A1,C00391,Business,USD,2021-11-16,Active,58195.07
C00392-A1,C00392,Checking,EUR,2019-12-13,Active,228423.04
C00392-A2,C00392,Savings,USD,2020-03-20,Active,20792.52
C00392-A3,C00392,Savings,GBP,2018-02-20,Active,36954.4
C00393-A1,C00393,Securities,EUR,2020-09-13,Active,237985.06
C00393-A2,C00393,Business,USD,2019-01-03,Closed,77312.41
C00394-A1,C00394,Savings,GBP,2022-09-01,Active,27864.95
C00394-A2,C00394,Business,CHF,2018-09-03,Closed,89116.21
C00395-A1,C00395,Securities,CHF,2018-07-26,Active,49736.6
C00395-A2,C00395,Savings,GBP,2021-07-15,Closed,80246.64
C00395-A3,C00395,Checking,USD,2022-07-12,Active,165153.38
C00396-A1,C00396,Checking,GBP,2022-12-14,Closed,56306.27
C00396-A2,C00396,Business,CHF,2020-05-23,Active,54750.45
C00396-A3,C00396,Checking,EUR,2018-01-05,Active,66114.99
C00397-A1,C00397,Securities,GBP,2018-07-01,Active,90425.82
C00397-A2,C00397,Checking,USD,2020-01-26,Active,68626.96
C00397-A3,C00397,Savings,CHF,2024-11-18,Active,247500.69
C00398-A1,C00398,Securities,GBP,2024-07-22,Active,205305.47
C00398-A2,C00398,Savings,EUR,2022-12-05,Active,32493.3
C00399-A1,C00399,Securities,GBP,2021-10-09,Closed,21680.14
C00399-A2,C00399,Checking,CHF,2020-07-25,Closed,8396.11
C00399-A3,C00399,Securities,CHF,2021-05-07,Active,2171.57
C00400-A1,C00400,Savings,CHF,2024-11-02,Closed,131733.25
C00401-A1,C00401,Securities,EUR,2019-12-22,Active,41570.39
C00401-A2,C00401,Business,CHF,2019-06-26,Active,239943.38
C00401-A3,C00401,Securities,CHF,2024-10-27,Active,68250.88
C00402-A1,C00402,Savings,CHF,2021-03-20,Active,147355.29
C00402-A2,C00402,Business,USD,2023-04-10,Active,48216.41
C00402-A3,C00402,Securities,EUR,2024-11-22,Active,205235.48
C00403-A1,C00403,Savings,CHF,2023-12-04,Closed,85887.13
C00404-A1,C00404,Business,USD,2018-12-28,Active,13930.03
C00405-A1,C00405,Checking,USD,2022-07-14,Closed,129510.59
C00405-A2,C00405,Securities,USD,2021-04-26,Active,55226.93
C00405-A3,C00405,Savings,CHF,2023-01-19,Active,150429.09
C00406-A1,C00406,Checking,USD,2019-06-23,Active,173817.66
C00407-A1,C00407,Business,USD,2018-10-30,Active,117865.35
C00407-A2,C00407,Business,CHF,2018-10-21,Closed,173952.89
C00408-A1,C00408,Business,EUR,2021-02-02,Active,79237.94
C00408-A2,C00408,Savings,GBP,2023-03-14,Active,61957.19
C00409-A1,C00409,Savings,GBP,2024-11-13,Active,243438.75
C00410-A1,C00410,Securities,GBP,2018-06-21,Closed,179627.78
C00410-A2,C00410,Business,CHF,2020-04-17,Closed,175276.3
C00410-A3,C00410,Securities,EUR,2018-03-03,Active,217274.39
C00411-A1,C00411,Savings,USD,2021-05-08,Closed,245687.64
C00411-A2,C00411,Checking,USD,2020-06-03,Active,183996.1
C00411-A3,C00411,Savings,GBP,2021-04-30,Active,214580.56
C00412-A1,C00412,Checking,EUR,2023-07-25,Closed,231778.36
C00412-A2,C00412,Business,USD,2020-08-16,Active,21944.6
C00412-A3,C00412,Securities,CHF,2020-10-25,Active,94757.02
C00413-A1,C00413,Savings,GBP,2021-06-24,Closed,112497.96
C00413-A2,C00413,Securities,USD,2021-05-12,Active,107936.71
C00414-A1,C00414,Business,EUR,2018-10-29,Closed,240329.4
C00414-A2,C00414,Business,CHF,2021-04-25,Closed,81780.91
C00415-A1,C00415,Checking,GBP,2019-02-01,Closed,196748.31
C00416-A1,C00416,Savings,EUR,2020-09-08,Active,165818.73
C00416-A2,C00416,Business,USD,2021-07-31,Active,103160.53
C00416-A3,C00416,Checking,GBP,2024-07-14,Active,30102.02
C00417-A1,C00417,Securities,CHF,2022-11-16,Active,217381.79
C00418-A1,C00418,Business,EUR,2018-06-23,Active,236710.51
C00418-A2,C00418,Business,GBP,2024-12-24,Active,27334.31
C00419-A1,C00419,Savings,EUR,2019-02-09,Closed,23988.31
C00419-A2,C00419,Checking,EUR,2024-09-17,Active,167216.71
C00419-A3,C00419,Securities,EUR,2019-09-23,Closed,137820.03
C00420-A1,C00420,Business,CHF,2022-06-08,Active,128446.12
C00420-A2,C00420,Savings,USD,2024-08-14,Active,219200.07
C00420-A3,C00420,Securities,USD,2019-07-14,Active,170435.39
C00421-A1,C00421,Checking,CHF,2023-07-17,Active,239834.83
C00422-A1,C00422,Savings,USD,2022-01-19,Closed,144230.56
C00422-A2,C00422,Business,USD,2021-04-17,Active,75983.31
C00422-A3,C00422,Business,GBP,2018-10-06,Active,193351.92
C00423-A1,C00423,Securities,USD,2023-09-22,Closed,117692.46
C00423-A2,C00423,Checking,CHF,2022-09-13,Closed,60561.28
C00424-A1,C00424,Securities,EUR,2023-02-20,Active,34271.74
C00424-A2,C00424,Checking,GBP,2021-06-24,Active,23105.69
C00424-A3,C00424,Business,USD,2020-07-01,Closed,102914.92
C00425-A1,C00425,Business,CHF,2024-01-19,Closed,151102.75
C00425-A2,C00425,Checking,GBP,2022-12-05,Closed,112830.69
C00426-A1,C00426,Savings,CHF,2021-05-29,Active,78715.51
C00426-A2,C00426,Securities,GBP,2019-10-12,Closed,36443.18
C00427-A1,C00427,Checking,EUR,2018-06-02,Active,182899.13
C00428-A1,C00428,Business,EUR,2020-10-28,Active,186772.34
C00429-A1,C00429,Checking,EUR,2024-04-26,Active,21553.89
C00429-A2,C00429,Securities,EUR,2023-01-09,Active,69445.72
C00430-A1,C00430,Checking,GBP,2020-07-25,Active,168277.17
C00430-A2,C00430,Savings,USD,2018-10-24,Active,240949.14
C00431-A1,C00431,Securities,USD,2022-11-30,Active,61378.21
C00431-A2,C00431,Savings,USD,2023-05-21,Closed,223113.21
C00432-A1,C00432,Checking,CHF,2018-01-09,Closed,115459.44
C00432-A2,C00432,Business,USD,2020-04-09,Closed,180078.84
C00433-A1,C00433,Checking,USD,2019-03-02,Active,95604.96
C00433-A2,C00433,Savings,CHF,2020-10-02,Closed,74552.89
C00434-A1,C00434,Securities,CHF,2019-04-03,Active,17829.17
C00434-A2,C00434,Checking,USD,2019-02-02,Active,236479.3
C00434-A3,C00434,Business,EUR,2021-01-22,Active,86342.63
C00435-A1,C00435,Savings,GBP,2022-01-26,Active,179753.92
C00436-A1,C00436,Savings,CHF,2019-12-08,Active,220774.26
C00437-A1,C00437,Checking,EUR,2020-10-19,Closed,225667.78
C00437-A2,C00437,Business,EUR,2023-04-20,Active,16776.1
C00437-A3,C00437,Checking,EUR,2019-08-15,Closed,215584.79
C00438-A1,C00438,Savings,CHF,2021-03-14,Active,122352.65
C00439-A1,C00439,Checking,EUR,2020-05-05,Active,132066.06
C00440-A1,C00440,Business,USD,2023-08-11,Active,199099.0
C00440-A2,C00440,Savings,EUR,2022-09-28,Active,204322.44
C00440-A3,C00440,Business,GBP,2022-07-15,Closed,177015.73
C00441-A1,C00441,Checking,GBP,2022-09-24,Active,94482.89
C00442-A1,C00442,Savings,USD,2020-05-10,Active,220539.14
C00443-A1,C00443,Securities,GBP,2020-04-21,Closed,112143.04
C00444-A1,C00444,Business,USD,2024-01-30,Active,203685.49
C00444-A2,C00444,Business,EUR,2024-10-02,Closed,190503.64
C00444-A3,C00444,Securities,EUR,2022-09-24,Active,142608.78
C00445-A1,C00445,Securities,EUR,2018-04-25,Active,188367.29
C00446-A1,C00446,Checking,EUR,2023-06-16,Active,215506.06
C00447-A1,C00447,Business,GBP,2022-08-27,Closed,121212.84
C00448-A1,C00448,Business,GBP,2021-08-21,Closed,17287.6
C00448-A2,C00448,Savings,USD,2021-12-05,Closed,61255.29
C00449-A1,C00449,Checking,GBP,2019-08-28,Active,219090.74
C00450-A1,C00450,Business,EUR,2021-09-26,Closed,64548.62
C00451-A1,C00451,Business,CHF,2019-03-14,Closed,173070.32
C00451-A2,C00451,Checking,GBP,2019-09-16,Active,196531.21
C00452-A1,C00452,Business,GBP,2022-04-07,Active,58849.54
C00452-A2,C00452,Savings,CHF,2019-12-13,Active,150710.89
C00453-A1,C00453,Savings,CHF,2024-03-26,Closed,10291.07
C00454-A1,C00454,Savings,USD,2020-10-06,Active,17985.34
C00454-A2,C00454,Checking,USD,2020-11-03,Closed,29597.34
C00454-A3,C00454,Checking,GBP,2024-01-16,Closed,195831.31
C00455-A1,C00455,Securities,GBP,2018-01-07,Active,38594.05
C00455-A2,C00455,Business,EUR,2019-04-05,Active,100256.36
C00456-A1,C00456,Savings,EUR,2018-05-10,Active,146265.83
C00456-A2,C00456,Securities,CHF,2020-07-07,Closed,41142.96
C00457-A1,C00457,Savings,GBP,2024-03-11,Active,119746.57
C00457-A2,C00457,Checking,USD,2022-12-31,Active,172898.29
C00458-A1,C00458,Business,USD,2018-04-27,Closed,73451.06
C00459-A1,C00459,Business,EUR,2022-03-27,Closed,32106.23
C00459-A2,C00459,Business,EUR,2023-12-08,Closed,234912.02
C00460-A1,C00460,Securities,CHF,2024-11-07,Closed,241684.62
C00461-A1,C00461,Business,EUR,2018-02-17,Active,168262.43
C00461-A2,C00461,Checking,EUR,2019-03-27,Closed,187309.23
C00461-A3,C00461,Securities,CHF,2018-10-02,Active,246767.32
C00462-A1,C00462,Checking,CHF,2022-10-10,Closed,137668.74
C00462-A2,C00462,Savings,CHF,2021-08-13,Active,3967.41
C00463-A1,C00463,Savings,CHF,2018-03-19,Closed,145653.31
C00463-A2,C00463,Securities,USD,2021-07-12,Closed,143128.58
C00463-A3,C00463,Checking,EUR,2018-09-17,Active,140067.81
C00464-A1,C00464,Securities,USD,2024-05-18,Active,144769.55
C00465-A1,C00465,Checking,USD,2020-05-08,Active,245996.72
C00466-A1,C00466,Savings,GBP,2024-03-18,Active,194099.59
C00466-A2,C00466,Securities,GBP,2018-06-30,Closed,77134.24
C00466-A3,C00466,Checking,GBP,2024-02-03,Closed,90071.31
C00467-A1,C00467,Business,GBP,2023-06-16,Active,79630.0
C00468-A1,C00468,Checking,EUR,2020-06-30,Active,23645.48
C00468-A2,C00468,Checking,USD,2023-05-14,Closed,37433.86
C00468-A3,C00468,Business,USD,2020-10-07,Active,142394.75
C00469-A1,C00469,Checking,USD,2023-02-03,Active,61401.34
C00469-A2,C00469,Securities,USD,2024-03-04,Active,8171.41
C00469-A3,C00469,Business,EUR,2022-06-06,Active,157206.45
C00470-A1,C00470,Business,EUR,2021-10-20,Active,185060.8
C00471-A1,C00471,Securities,CHF,2022-11-16,Active,215913.68
C00472-A1,C00472,Savings,CHF,2023-08-16,Active,186116.14
C00472-A2,C00472,Savings,GBP,2019-10-24,Active,164623.94
C00472-A3,C00472,Checking,GBP,2022-05-14,Active,161813.88
C00473-A1,C00473,Checking,GBP,2024-01-29,Active,60897.69
C00473-A2,C00473,Business,EUR,2024-01-19,Closed,3005.79
C00474-A1,C00474,Checking,GBP,2018-01-20,Active,120104.39
C00474-A2,C00474,Savings,USD,2020-11-21,Active,130485.75
C00474-A3,C00474,Securities,USD,2019-03-08,Active,47677.96
C00475-A1,C00475,Business,USD,2024-01-31,Closed,183554.74
C00476-A1,C00476,Securities,CHF,2021-05-16,Active,212662.76
C00477-A1,C00477,Securities,CHF,2022-11-24,Active,165757.64
C00478-A1,C00478,Savings,GBP,2023-11-07,Active,224369.84
C00479-A1,C00479,Business,GBP,2020-06-15,Active,45094.45
C00480-A1,C00480,Checking,EUR,2023-11-03,Closed,61120.98
C00480-A2,C00480,Business,GBP,2023-12-02,Active,48816.19
C00481-A1,C00481,Business,USD,2024-11-10,Active,137550.07
C00482-A1,C00482,Checking,EUR,2024-03-14,Active,239768.66
C00482-A2,C00482,Business,USD,2021-05-03,Closed,117228.3
C00482-A3,C00482,Securities,EUR,2024-02-08,Active,170635.42
C00483-A1,C00483,Savings,USD,2024-02-21,Active,6036.0
C00483-A2,C00483,Checking,CHF,2020-01-27,Closed,234256.62
C00483-A3,C00483,Business,GBP,2024-01-04,Active,176074.83
C00484-A1,C00484,Checking,USD,2020-01-26,Active,52737.39
C00484-A2,C00484,Securities,USD,2022-09-03,Closed,137709.85
C00484-A3,C00484,Securities,CHF,2020-09-12,Active,228988.76
C00485-A1,C00485,Savings,CHF,2024-09-08,Closed,48394.3
C00486-A1,C00486,Business,CHF,2024-03-21,Active,9083.24
C00486-A2,C00486,Savings,USD,2021-09-28,Active,230215.85
C00487-A1,C00487,Checking,USD,2022-10-20,Active,128523.52
C00488-A1,C00488,Savings,USD,2024-01-31,Active,167725.85
C00488-A2,C00488,Business,GBP,2019-03-10,Closed,239043.5
C00489-A1,C00489,Savings,GBP,2023-10-30,Closed,40941.61
C00489-A2,C00489,Checking,USD,2024-11-26,Active,94960.0
C00489-A3,C00489,Checking,GBP,2018-09-01,Active,132898.25
C00490-A1,C00490,Checking,EUR,2022-10-22,Active,45441.35
C00490-A2,C00490,Securities,CHF,2020-03-13,Active,104540.3
C00490-A3,C00490,Checking,EUR,2019-04-06,Closed,173265.19
C00491-A1,C00491,Checking,USD,2023-03-01,Active,99183.04
C00491-A2,C00491,Checking,GBP,2024-12-25,Active,243290.62
C00492-A1,C00492,Business,CHF,2019-07-04,Active,97530.09
C00492-A2,C00492,Business,EUR,2023-03-01,Closed,222074.51
C00492-A3,C00492,Checking,EUR,2022-11-14,Active,32964.82
C00493-A1,C00493,Securities,EUR,2021-06-24,Closed,30078.93
C00493-A2,C00493,Business,EUR,2018-05-10,Active,117880.3
C00493-A3,C00493,Checking,GBP,2023-11-10,Active,129416.73
C00494-A1,C00494,Business,CHF,2023-11-21,Active,66085.38
C00494-A2,C00494,Savings,CHF,2024-01-15,Active,189344.35
C00494-A3,C00494,Checking,EUR,2021-05-28,Active,68702.88
C00495-A1,C00495,Business,CHF,2023-08-23,Closed,43555.34
C00495-A2,C00495,Securities,USD,2020-05-31,Active,149953.07
C00495-A3,C00495,Business,GBP,2021-11-07,Closed,56865.25
C00496-A1,C00496,Securities,EUR,2021-11-12,Active,76257.83
C00496-A2,C00496,Securities,USD,2020-04-04,Active,187537.4
C00496-A3,C00496,Savings,EUR,2018-03-25,Active,203380.66
C00497-A1,C00497,Checking,USD,2020-06-20,Active,111501.71
C00497-A2,C00497,Business,EUR,2024-05-14,Active,179518.69
C00498-A1,C00498,Securities,EUR,2019-04-28,Active,78623.03
C00499-A1,C00499,Securities,CHF,2019-08-10,Active,138064.34
C00500-A1,C00500,Savings,GBP,2020-07-15,Active,13371.97
C00500-A2,C00500,Securities,USD,2020-03-19,Active,115647.35
C00500-A3,C00500,Securities,EUR,2024-05-05,Active,83621.37
