customer_id,first_name,last_name,birth_date,country_code,customer_type,occupation,pep_flag,onboarding_date,email
C00001,Samantha,Parker,2002-05-17,BE,Corporate,Executive,N,2020-10-10,brandterika@example.net
C00002,Lynn,Jones,1944-02-22,BE,Individual,Retailer,N,2018-12-03,stephen89@example.net
C00003,timothy,BARAJAS,1946-07-04,IT,Individual,Unemployed,N,2021-07-22,kenneth57@example.org
C00004,SHARON,  Harris ,1966-11-27,US,Corporate,Politician,Y,2023-10-22,david82@example.net
C00005,  Mark ,Moore,1982-10-06,BE,Individual,Self-employed,N,2019-03-05,smithashley@example.org
C00006,Neil,LARA,1949-08-01,FR,Individual,Employee,N,2019-11-01,odelacruz@example.com
C00007,Tracy,Osborne,1978-08-09,DE,Individual,Retired,N,2018-07-08,wlivingston@example.com
C00008,ELIZABETH,Thomas,1937-08-16,DE,Individual,Student,Y,2023-08-18,tandrews@example.org
C00009,Michael,Elliott,1973-07-01,DE,Individual,Retailer,N,2019-09-26,joshuaowens@example.net
C00010,MARCUS,Harris,2001-10-27,CH,Individual,Politician,Y,2024-06-23,fstephenson@example.net
C00011,Natalie,  Cruz ,1982-06-08,FR,Individual,Student,N,2022-08-25,qsilva@example.org
C00012,crystal,Riddle,1991-05-27,DE,Individual,Unemployed,N,2018-03-29,herbertrodriguez@example.net
C00013,  Miranda ,Jenkins,1951-12-31,BR,Individual,Retired,N,2018-08-06,reedkyle@example.com
C00014,CYNTHIA,Becker,1982-12-30,BR,Individual,Self-employed,N,2023-04-05,phillipsfrank@example.com
C00015,Brian,Daniel,1938-06-11,FR,Corporate,Employee,N,2022-07-04,phall@example.org
C00016,Samantha,Davis,1982-04-05,NG,Individual,Retailer,N,2021-09-07,sanderson@example.org
C00017,David,figueroa,1948-01-18,BE,Individual,Civil servant,N,2022-12-14,tonya69@example.com
C00018,Shawn,King,1940-04-25,BE,Individual,Retailer,N,2024-07-15,cassandra27@example.net
C00019,justin,Thomas,1966-01-19,ES,Individual,Civil servant,Y,2020-07-19,juarezrebekah@example.com
C00020,craig,  Mcclure ,1967-07-12,DE,Individual,Civil servant,N,2021-09-24,andrealarson@example.com
C00021,Eugene,Wright,1940-05-06,IR,Individual,Employee,N,2024-10-03,karen43@example.org
C00022,Michael,marquez,2000-01-09,,Individual,Unemployed,N,2023-06-16,robertstone@example.net
C00023,HEIDI,Castro,2001-08-16,BE,Individual,Executive,N,2019-10-05,zlopez@example.net
C00024,Lynn,wallace,1950-09-28,BE,Individual,Retired,N,2024-04-25,tamara09@example.com
C00025,CHRISTINA,Ortega,1952-11-10,AE,Individual,Unemployed,N,2018-03-03,zachary44@example.com
C00026,Timothy,reynolds,2000-07-22,FR,Individual,Student,N,2020-04-29,qmoran@example.org
C00027,MICHELLE,moran,1954-03-06,US,Corporate,Retired,N,2020-01-04,ian63@example.com
C00028,JAMES,Robinson,1970-06-01,BR,Corporate,Civil servant,N,2019-10-22,sparksdavid@example.com
C00029,stephanie,Henderson,1993-04-21,LU,Individual,Retired,Y,2021-04-11,erobertson@example.org
C00030,NICHOLAS,Ward,1974-08-14,CH,Individual,Retired,N,2019-11-28,williamskatie@example.org
C00031,Kevin,Brown,1974-09-07,BE,Individual,Retired,N,2018-01-15,tommy60@example.com
C00032,Veronica,edwards,1978-03-10,FR,Individual,Civil servant,N,2018-08-05,jrussell@example.net
C00033,Kristina,garcia,1957-08-21,IR,Individual,Retailer,N,2018-02-27,emartin@example.net
C00034,elizabeth,Petersen,1967-04-25,BE,Individual,Civil servant,N,2019-04-28,tiffany42@example.org
C00035,Andrew,Graham,2002-12-23,US,Individual,Employee,N,2024-04-26,ashley39@example.com
C00036,Alexander,STEPHENS,1946-04-01,DE,Individual,Self-employed,N,2019-03-22,zmueller@example.org
C00037,brandi,  Murray ,1991-07-21,BR,Corporate,Executive,N,2021-03-15,raymondkeller@example.net
C00038,Steve,Lambert,1957-02-17,BE,Individual,Retired,N,2022-02-24,michael97@example.org
C00039,Dale,Cross,1938-10-20,IR,Individual,Unemployed,N,2018-10-25,carneyhenry@example.com
C00040,JOHN,Miller,1935-09-23,LU,Corporate,Student,N,2024-12-27,brownelizabeth@example.com
C00041,brenda,  Fox ,1954-02-28,GB,Individual,Unemployed,N,2021-06-19,elynn@example.org
C00042,DENISE,Smith,1939-12-08,IT,Individual,Employee,N,2024-03-22,cynthia07@example.net
C00043,Ryan,Dunlap,1973-12-27,KP,Corporate,Executive,N,2024-03-23,jennifer65@example.org
C00044,Eric,KIRBY,1977-12-05,IT,Individual,Self-employed,N,2020-06-15,larakristine@example.org
C00045,Holly,brooks,1972-12-18,CH,Corporate,Employee,N,2019-03-15,brenda25@example.com
C00046,christopher,eaton,1968-09-18,BE,Individual,Civil servant,N,2018-10-21,plarson@example.com
C00047,STEPHEN,Smith,1979-11-05,NG,Individual,Retailer,N,2020-02-14,ujackson@example.com
C00048,lydia,Adams,1972-02-27,MA,Individual,Civil servant,N,2022-09-21,jamiewilliams@example.net
C00049,jonathan,Obrien,1953-07-17,IT,Individual,Retailer,N,2018-02-14,michelle12@example.org
C00050,Kara,Gordon,1969-06-15,CN,Individual,Unemployed,N,2021-05-21,megan08@example.net
C00051,Kenneth,lloyd,1943-12-08,CH,Individual,Employee,N,2024-03-13,wanda33@example.org
C00052,  Sarah ,Taylor,1944-07-25,GB,Individual,Employee,N,2021-11-30,maria90@example.org
C00053,Brian,Hanna,1967-09-09,MA,Individual,Unemployed,N,2019-03-25,william52@example.com
C00054,Matthew,Phillips,1975-08-05,FR,Individual,Employee,N,2024-11-14,alyssaburns@example.org
C00055,peter,SAVAGE,1996-10-11,KY,Individual,Executive,N,2021-08-02,umoore@example.net
C00056,Megan,Zavala,1984-05-15,IT,Individual,Unemployed,N,2020-10-12,amandaparker@example.com
C00057,Kathy,  Joseph ,1972-05-28,FR,Individual,Retired,N,2019-03-24,vshaw@example.org
C00058,  Melanie ,melton,1969-08-06,FR,Individual,Student,N,2023-01-26,drice@example.com
C00059,  Jay ,Morales,1938-03-29,BE,Individual,Politician,Y,2022-02-10,jonmedina@example.com
C00060,Paige,Marshall,1964-05-03,KY,Corporate,Politician,Y,2023-01-20,ljones@example.org
C00061,Ashley,  Hopkins ,1952-09-24,BE,Corporate,Retired,N,2019-05-30,danielglover@example.net
C00062,Ralph,WILSON,1944-06-29,DE,Individual,Civil servant,N,2023-11-22,olandry@example.net
C00063,  Karen ,Li,1987-04-24,RU,Individual,Politician,Y,2024-03-13,morrisdavid@example.org
C00064,Sara,Smith,1981-05-10,ES,Corporate,Student,N,2021-05-02,ocastillo@example.org
C00065,chase,  Willis ,1999-04-12,CN,Individual,Executive,N,2019-10-18,ycontreras@example.net
C00066,steven,lawrence,1953-03-23,BR,Individual,Politician,Y,2020-03-18,dennis39@example.com
C00067,Jeffrey,Scott,1989-03-15,CH,Individual,Self-employed,N,2022-09-08,nbowen@example.net
C00068,John,GONZALEZ,1984-12-19,KY,Individual,Civil servant,N,2018-11-25,bmatthews@example.org
C00069,HEATHER,Friedman,1971-10-16,TR,Individual,Student,N,2023-04-04,crystalrogers@example.com
C00070,deanna,HILL,1969-10-20,BE,Corporate,Student,N,2020-12-05,pmcfarland@example.org
C00071,Robert,HAMILTON,1978-07-04,AE,Individual,Employee,N,2020-08-02,paul75@example.com
C00072,  Andrew ,Mcguire,1963-11-23,FR,Individual,Politician,Y,2024-12-04,uhicks@example.com
C00073,  Zachary ,Lewis,1979-02-20,AE,Individual,Politician,Y,2019-01-20,latoyajohnson@example.org
C00074,miranda,Martinez,1965-11-12,BE,Corporate,Politician,Y,2019-11-13,johnsonstephen@example.com
C00075,Donna,Hahn,1981-07-09,US,Individual,Student,N,2023-07-04,dmorrow@example.net
C00076,Kaitlyn,  Cole ,2005-05-05,BE,Individual,Unemployed,N,2020-06-25,daniel17@example.net
C00077,CORY,SCHAEFER,1965-12-29,PA,Corporate,Self-employed,N,2019-09-12,sandra35@example.com
C00078,Sean,COMBS,1981-11-25,PA,Individual,Executive,N,2022-08-23,brooksjessica@example.com
C00079,Jacob,schneider,1936-09-10,CN,Corporate,Self-employed,N,2021-01-02,susan44@example.net
C00080,JONATHAN,Lopez,1978-04-16,BR,Individual,Unemployed,Y,2021-04-09,courtneyskinner@example.com
C00081,matthew,  Curtis ,1995-10-07,FR,Individual,Student,N,2023-06-19,gramos@example.net
C00082,Brian,dickerson,1937-11-30,KP,Individual,Politician,Y,2022-03-02,joshua14@example.org
C00083,Spencer,DAVIS,1947-06-21,PA,Corporate,Civil servant,N,2021-12-25,lindawelch@example.com
C00084,brenda,Thomas,1940-06-07,,Individual,Employee,N,2020-05-03,stephanie49@example.net
C00085,CRYSTAL,Berry,1981-03-24,NG,Individual,Unemployed,N,2020-01-27,jillian69@example.com
C00086,Jennifer,Campbell,1944-08-05,RU,Individual,Retailer,N,2018-09-12,karla00@example.com
C00087,Stacy,CARRILLO,1950-06-03,MA,Individual,Retailer,N,2018-04-16,limary@example.net
C00088,Ryan,BEAN,2001-01-26,RU,Individual,Civil servant,N,2020-06-16,renee48@example.org
C00089,James,Booth,1958-01-26,,Individual,Retailer,N,2019-01-20,johnhamilton@example.net
C00090,Laura,Terry,1967-12-30,KY,Corporate,Retired,N,2021-02-21,jeremy20@example.com
C00091,Danielle,Fuller,1972-11-22,BE,Individual,Executive,N,2019-08-24,jamesmoore@example.net
C00092,  Wendy ,Bryan,1979-02-12,RU,Individual,Unemployed,N,2023-03-13,wongjeffrey@example.org
C00093,Andre,JOHNSON,1966-04-29,IT,Individual,Self-employed,N,2022-01-25,tbenton@example.org
C00094,derrick,  Murray ,1970-01-26,FR,Individual,Executive,N,2023-03-18,gperez@example.com
C00095,John,Lane,1936-10-31,CH,Individual,Executive,N,2022-01-08,amandarivera@example.com
C00096,ethan,Miller,2001-09-16,CN,Individual,Unemployed,N,2021-08-26,steven29@example.com
C00097,  Sara ,Gonzalez,1963-09-18,TR,Individual,Civil servant,N,2018-11-06,jenniferbarrera@example.com
C00098,Christina,Smith,1946-02-26,FR,Individual,Politician,Y,2020-11-18,xfrazier@example.net
C00099,Christopher,Boyd,1972-08-13,CN,Individual,Civil servant,N,2022-09-04,cdavies@example.com
C00100,Natalie,Underwood,1960-10-07,CN,Corporate,Executive,N,2023-04-19,bperez@example.net
C00101,DALTON,Nichols,1952-04-14,,Corporate,Politician,Y,2024-04-17,mcgrathjennifer@example.net
C00102,ANDRE,Pineda,2006-10-13,GB,Individual,Retailer,N,2022-01-10,gouldkathleen@example.net
C00103,RICHARD,Lee,2003-07-15,FR,Individual,Civil servant,N,2022-01-03,perezrobert@example.org
C00104,Sarah,Mueller,2005-03-29,AE,Individual,Student,N,2024-01-04,srich@example.net
C00105,Rachel,Thompson,1955-12-19,KP,Corporate,Student,N,2023-01-23,henry62@example.com
C00106,Emma,JOHNSON,1970-08-08,SY,Individual,Executive,N,2024-08-02,hammondkathy@example.com
C00107,Natalie,Walton,1945-10-03,LU,Individual,Executive,N,2021-06-19,khawkins@example.com
C00108,  Walter ,dean,1948-03-15,NG,Individual,Retired,N,2019-03-27,rortiz@example.org
C00109,randy,Phillips,1943-08-17,BR,Individual,Self-employed,Y,2022-07-30,pittsbrandon@example.org
C00110,barbara,White,1955-10-23,,Individual,Unemployed,N,2021-04-26,stevenjordan@example.net
C00111,Brittany,Hanson,1991-10-14,AE,Individual,Self-employed,N,2019-04-12,sean19@example.org
C00112,CHRISTOPHER,Frazier,1987-01-21,AE,Individual,Executive,N,2023-03-26,brownrebecca@example.net
C00113,BRIAN,Richardson,1992-02-13,TR,Individual,Student,N,2020-03-12,xgonzalez@example.net
C00114,michael,Mullins,1956-04-19,XX,Individual,Civil servant,N,2020-11-28,jonespeter@example.com
C00115,angela,Rogers,2005-07-23,FR,Individual,Unemployed,N,2022-07-07,harrissamantha@example.org
C00116,  Nicole ,Steele,1937-09-24,IR,Corporate,Student,N,2022-02-07,wilsonjason@example.com
C00117,Lauren,  Moore ,2000-09-27,FR,Individual,Civil servant,N,2022-08-14,megancarey@example.com
C00118,jennifer,Jackson,1986-08-29,CH,Individual,Unemployed,Y,2018-05-31,msmith@example.org
C00119,Gerald,RYAN,1961-02-27,BR,Individual,Student,N,2022-05-23,youngjonathan@example.com
C00120,Meredith,Diaz,1974-07-05,NG,Individual,Civil servant,N,2020-03-09,patricia17@example.org
C00121,Sharon,Greer,1949-08-10,,Individual,Retired,N,2021-03-23,vcollins@example.com
C00122,Richard,Cruz,1969-04-30,LU,Individual,Employee,Y,2019-03-18,amyblanchard@example.net
C00123,matthew,Mckay,2001-03-21,TR,Individual,Unemployed,N,2024-10-05,rbowen@example.com
C00124,Malik,Rivers,2006-01-06,PA,Individual,Unemployed,N,2024-03-21,contreraskaitlyn@example.com
C00125,Kathleen,Ward,1980-03-02,KY,Individual,Self-employed,N,2019-04-22,thomas94@example.com
C00126,Rebecca,Carroll,1960-01-08,BE,Individual,Self-employed,N,2021-05-01,kennethlane@example.com
C00127,Casey,Williams,1942-03-07,DE,Individual,Employee,N,2023-03-24,heather32@example.net
C00128,ROBERT,Smith,1952-03-26,AE,Corporate,Employee,N,2019-05-21,troypruitt@example.org
C00129,Alexandria,WALSH,1990-02-27,KP,Individual,Student,N,2021-05-17,mcmillanjasmine@example.org
C00130,RHONDA,Bishop,1964-02-17,KP,Individual,Civil servant,N,2023-05-02,danielle87@example.net
C00131,Jo,Davis,1979-04-29,BE,Individual,Self-employed,N,2022-03-29,anthony28@example.net
C00132,Elizabeth,Tate,1950-08-15,IT,Individual,Employee,N,2020-05-20,henrycody@example.net
C00133,Charles,gomez,1958-12-17,IR,Individual,Politician,Y,2021-11-23,iperry@example.com
C00134,JEFFREY,Williams,1986-09-17,IR,Individual,Retailer,N,2021-04-04,silvatimothy@example.com
C00135,David,Lopez,1990-04-05,RU,Individual,Politician,Y,2023-06-09,richardsnyder@example.org
C00136,Krystal,Bird,1935-12-23,TR,Individual,Self-employed,N,2020-03-15,hessjasmine@example.net
C00137,Elijah,bond,1955-03-10,FR,Individual,Civil servant,N,2022-11-16,diane84@example.net
C00138,Hayden,MCCALL,2005-11-29,ES,Individual,Student,N,2021-07-15,josenorton@example.net
C00139,JEFFREY,  Martin ,1960-09-28,GB,Individual,Student,Y,2022-03-18,omendoza@example.com
C00140,Angela,Arroyo,2006-04-27,PA,Individual,Executive,N,2021-02-15,tracy94@example.org
C00141,Rachel,parker,1993-02-25,FR,Individual,Retailer,N,2022-09-11,cory22@example.org
C00142,Holly,RICHARDSON,1971-12-08,GB,Individual,Employee,N,2018-05-16,lisabrown@example.com
C00143,MARK,Gonzalez,1976-07-05,SY,Corporate,Unemployed,N,2022-01-15,avance@example.org
C00144,shawn,  Cook ,1940-04-08,,Individual,Unemployed,N,2022-04-25,benjamin73@example.org
C00145,Christopher,bell,1999-09-16,NG,Individual,Self-employed,N,2019-08-25,apeterson@example.org
C00146,Kelly,Suarez,1937-01-21,KY,Individual,Civil servant,N,2018-08-28,crawfordtodd@example.net
C00147,David,Bell,1950-10-07,LU,Individual,Retired,N,2019-02-22,shill@example.com
C00148,NICHOLAS,patel,1954-12-02,DE,Individual,Retired,N,2023-01-30,nicolevargas@example.net
C00149,BRIAN,Weber,1939-05-18,DE,Individual,Civil servant,N,2021-10-05,katherine63@example.org
C00150,Steven,Holmes,1966-06-22,BE,Individual,Student,N,2019-03-14,milleralicia@example.net
C00151,james,harris,2000-10-04,KP,Individual,Civil servant,N,2021-05-29,mrivera@example.org
C00152,Susan,  Smith ,1988-10-10,LU,Individual,Retailer,N,2022-05-16,olsonkeith@example.com
C00153,JENNIFER,Larsen,1984-12-12,DE,Individual,Politician,Y,2024-10-22,coopergloria@example.org
C00154,Gina,DICKSON,1987-03-31,KY,Individual,Politician,Y,2024-10-26,penny71@example.com
C00155,Joseph,Richard,1958-05-17,ES,Individual,Politician,Y,2019-08-09,kristenjohnson@example.net
C00156,Billy,HUTCHINSON,1969-08-08,DE,Individual,Executive,N,2020-05-12,stevegray@example.com
C00157,Kayla,Cook,1981-10-21,BR,Individual,Civil servant,N,2023-09-02,william38@example.net
C00158,Matthew,Shannon,1990-08-25,MA,Individual,Politician,Y,2022-12-10,contrerasjessica@example.com
C00159,John,travis,1993-02-21,XX,Corporate,Self-employed,N,2022-11-23,cameronheather@example.net
C00160,KATHLEEN,Torres,1996-12-28,IT,Individual,Retailer,N,2024-07-12,kellyadams@example.org
C00161,Sonya,  Bradley ,1977-03-18,DE,Individual,Retired,N,2023-12-29,james09@example.org
C00162,CHRISTINA,Barrera,1945-04-21,,Individual,Executive,N,2023-09-07,wrightbrandi@example.com
C00163,  Phillip ,Simpson,1999-10-04,PA,Individual,Retailer,N,2019-12-06,brewerjared@example.net
C00164,sergio,Howard,1958-03-17,ES,Corporate,Retired,N,2023-08-08,collinsgary@example.com
C00165,Anthony,ball,1987-11-07,CN,Individual,Retailer,N,2024-10-10,nguyenmadison@example.org
C00166,Bryan,Coleman,1953-02-21,DE,Individual,Unemployed,N,2019-12-13,rodriguezdenise@example.net
C00167,Sylvia,  Neal ,1982-12-17,IR,Individual,Self-employed,N,2020-04-26,mscott@example.org
C00168,michael,Nelson,1935-10-05,DE,Individual,Retailer,N,2020-07-01,mary02@example.net
C00169,SHIRLEY,hull,1997-05-24,SY,Corporate,Retailer,N,2022-04-09,jburke@example.net
C00170,ROSE,Hayes,1987-07-21,RU,Individual,Retailer,N,2019-09-19,brent64@example.com
C00171,  Lindsay ,Cooper,1973-05-23,US,Individual,Retired,N,2023-09-18,deleonstephen@example.org
C00172,logan,Mccullough,1961-05-11,IR,Corporate,Civil servant,N,2022-07-06,kylelambert@example.net
C00173,Michael,  Smith ,1994-12-30,BE,Corporate,Executive,N,2024-04-01,ereed@example.com
C00174,CRYSTAL,Logan,1959-05-17,,Individual,Employee,N,2019-01-18,kimberlytucker@example.org
C00175,DANA,Parker,1979-07-14,BE,Corporate,Civil servant,N,2020-11-19,hrichards@example.com
C00176,ERIC,Torres,1975-07-09,FR,Individual,Employee,N,2020-09-11,reginaldjohnson@example.net
C00177,  Amber ,Watson,2003-01-09,NG,Individual,Civil servant,N,2019-05-16,walshsandra@example.net
C00178,christy,Robinson,1954-02-13,FR,Individual,Retailer,N,2023-12-29,lisa19@example.com
C00179,Christine,Baker,1974-11-17,XX,Individual,Unemployed,N,2020-01-19,rebecca76@example.net
C00180,Karen,Sloan,1991-06-04,BE,Individual,Civil servant,N,2018-10-28,roblesmark@example.org
C00181,Sabrina,Thompson,1987-09-12,RU,Individual,Retailer,N,2021-11-06,russellkeith@example.com
C00182,Andrew,salas,1990-05-25,BE,Individual,Unemployed,N,2022-03-10,tiffany31@example.com
C00183,Kenneth,Dodson,1958-12-02,IT,Individual,Executive,N,2021-08-22,alberthanna@example.org
C00184,  James ,ellis,1978-03-07,,Individual,Self-employed,N,2023-04-03,patrick75@example.org
C00185,Cynthia,williams,1984-07-31,ES,Individual,Politician,Y,2021-09-25,cruzmichael@example.org
C00186,David,Davis,1958-12-26,DE,Individual,Civil servant,N,2024-11-14,erin07@example.net
C00187,  Scott ,Lee,1983-03-07,US,Individual,Self-employed,N,2019-07-05,christopher70@example.net
C00188,brent,Nichols,1979-05-12,BE,Individual,Executive,N,2018-08-28,moralesraymond@example.com
C00189,zachary,Hicks,1935-12-05,BE,Individual,Unemployed,N,2019-12-21,tnelson@example.org
C00190,Rebecca,  Baker ,1984-11-17,NG,Individual,Politician,Y,2024-12-18,kbell@example.com
C00191,Vicki,Walsh,2006-05-30,CH,Individual,Retired,N,2022-12-03,fmarshall@example.com
C00192,  Janet ,Vazquez,1945-07-30,LU,Individual,Employee,N,2023-12-29,robertthompson@example.com
C00193,Brandon,Lee,1980-01-22,ES,Individual,Student,N,2018-12-23,tarawarren@example.net
C00194,kyle,Baxter,1986-01-22,BE,Individual,Executive,N,2023-01-28,susanreilly@example.org
C00195,Jeffrey,Anderson,1975-05-15,CH,Individual,Retailer,N,2022-08-07,xhall@example.org
C00196,JENNIFER,West,1959-12-17,AE,Individual,Unemployed,N,2023-11-21,scottbarron@example.com
C00197,Rachel,Jones,1982-05-27,DE,Individual,Politician,Y,2019-08-13,hannahwilliams@example.com
C00198,Erik,  Phelps ,1973-12-20,CN,Individual,Retired,N,2023-07-05,moonjamie@example.com
C00199,susan,Mcdaniel,2004-12-04,BR,Individual,Employee,N,2020-08-09,ymacdonald@example.net
C00200,john,Wade,1995-08-01,CN,Individual,Student,N,2024-12-09,lori81@example.net
C00201,HOLLY,Rodriguez,1999-02-21,FR,Corporate,Unemployed,N,2020-06-30,natasha40@example.org
C00202,Gary,Oconnell,1968-07-27,MA,Individual,Student,Y,2024-02-08,xroy@example.com
C00203,Justin,montoya,1950-12-16,CN,Individual,Employee,N,2021-08-27,jean59@example.org
C00204,Jamie,  Alvarado ,1983-08-25,MA,Individual,Retailer,Y,2023-06-28,apotts@example.com
C00205,Christopher,Smith,1984-07-18,IT,Individual,Politician,Y,2022-09-09,figueroamolly@example.net
C00206,Paul,Brown,1986-11-28,CN,Corporate,Unemployed,N,2024-01-20,courtneymurphy@example.net
C00207,Faith,Smith,2003-02-10,US,Corporate,Retailer,N,2019-08-15,johnsoncaleb@example.net
C00208,Ann,Johnson,1967-04-06,CN,Corporate,Executive,Y,2020-11-11,jennifer75@example.org
C00209,Angela,STEVENS,1967-09-26,FR,Individual,Executive,N,2023-03-12,charlessolis@example.com
C00210,Christopher,  Fowler ,1967-01-18,BR,Individual,Self-employed,N,2024-11-12,michael87@example.org
C00211,Erica,nguyen,1950-03-01,GB,Individual,Executive,N,2021-06-16,heatherhughes@example.net
C00212,Steven,  Hill ,1976-05-23,BE,Individual,Civil servant,N,2024-02-04,katherineoliver@example.net
C00213,Nathan,  Gallagher ,2001-12-07,IR,Corporate,Retired,N,2019-04-02,spencer94@example.com
C00214,meghan,Perez,1972-06-19,DE,Individual,Retailer,N,2018-06-02,amandasmith@example.org
C00215,Tammy,Johnson,1958-03-07,DE,Individual,Unemployed,N,2018-03-09,ithomas@example.com
C00216,Kathryn,Ward,1969-08-06,NG,Individual,Employee,N,2019-11-30,beckgregory@example.com
C00217,BRUCE,Patel,1979-09-15,XX,Individual,Retailer,N,2022-12-12,rachelwatkins@example.org
C00218,Dustin,Murphy,1948-03-15,PA,Individual,Student,N,2022-02-26,kyledouglas@example.org
C00219,  Victor ,alvarez,1957-01-17,,Individual,Unemployed,N,2018-05-30,amberpena@example.com
C00220,CINDY,Calderon,1996-02-29,,Individual,Student,N,2021-08-12,robinprice@example.com
C00221,JOSHUA,young,2003-08-26,CH,Individual,Self-employed,N,2021-09-16,toddbentley@example.com
C00222,cynthia,Hayes,1982-07-07,DE,Individual,Retired,N,2023-10-13,estanley@example.org
C00223,  Jacob ,Sullivan,2007-04-25,IR,Individual,Retailer,N,2022-05-23,deborahbrown@example.com
C00224,  Megan ,FISHER,1975-07-13,IT,Individual,Retired,N,2018-06-01,vazquezbarbara@example.org
C00225,Chloe,YU,1940-08-28,PA,Individual,Self-employed,N,2021-10-17,cunninghamhannah@example.org
C00226,Cindy,green,2003-03-04,MA,Individual,Employee,N,2021-04-24,stephanie64@example.com
C00227,jeffery,Torres,1957-08-21,,Individual,Unemployed,N,2018-10-01,ahill@example.org
C00228,DOUGLAS,wu,2002-12-06,BR,Individual,Student,N,2023-06-18,jroy@example.net
C00229,frank,cohen,1990-01-07,DE,Individual,Employee,N,2021-07-30,rodgersanthony@example.net
C00230,Monica,Hartman,1984-09-20,FR,Individual,Retailer,N,2020-08-20,carrie61@example.com
C00231,Kenneth,Brewer,1991-04-16,DE,Individual,Self-employed,N,2020-08-24,jennifer25@example.org
C00232,Larry,Thompson,1959-02-17,RU,Individual,Unemployed,N,2021-03-15,xcook@example.com
C00233,Gregory,PHILLIPS,1937-08-11,CN,Corporate,Student,N,2021-10-27,taylorthomas@example.net
C00234,Tara,WALLACE,1990-11-04,US,Individual,Retailer,N,2018-01-07,pruiz@example.org
C00235,  Alex ,patterson,1978-09-22,FR,Corporate,Executive,N,2018-01-06,christopherhamilton@example.com
C00236,Michele,Sawyer,1957-06-29,,Individual,Student,N,2020-04-18,suareztammy@example.org
C00237,Diana,martinez,2003-06-03,KY,Individual,Employee,N,2020-06-23,heather72@example.org
C00238,Thomas,Hernandez,1981-11-10,FR,Individual,Politician,Y,2019-12-20,dhammond@example.com
C00239,Melvin,ARMSTRONG,1965-09-27,MA,Corporate,Unemployed,N,2020-07-09,sharrison@example.org
C00240,Ashley,JENNINGS,1940-08-13,KP,Individual,Employee,N,2022-05-04,darren07@example.org
C00241,KEVIN,Sherman,1958-03-20,GB,Individual,Unemployed,N,2022-11-22,saraclark@example.net
C00242,lisa,Miller,1937-03-27,MA,Individual,Employee,N,2023-11-08,holmesjohn@example.org
C00243,Miguel,JACKSON,1958-02-16,US,Individual,Executive,N,2020-05-09,melanierichard@example.com
C00244,  Jeremy ,  Allen ,1990-01-22,CH,Individual,Politician,Y,2023-06-03,newmanvirginia@example.org
C00245,Reginald,  Weiss ,1942-07-21,DE,Individual,Unemployed,N,2020-01-15,jill01@example.org
C00246,Jennifer,Ross,1975-11-13,FR,Corporate,Unemployed,N,2019-08-04,josephgraves@example.org
C00247,alec,SOLIS,1938-03-02,AE,Individual,Retailer,N,2020-03-25,susan62@example.net
C00248,John,Ball,1961-11-02,,Individual,Executive,N,2022-05-17,teresa89@example.com
C00249,Joshua,beck,2001-09-27,BE,Individual,Retailer,N,2022-01-31,wilsonellen@example.net
C00250,jonathan,copeland,1969-10-23,BE,Individual,Student,N,2023-04-28,gduran@example.com
C00251,Gina,Brown,1939-03-01,IR,Individual,Student,N,2024-07-06,kevinferguson@example.org
C00252,Julia,jones,1995-10-11,FR,Individual,Self-employed,N,2021-12-13,kturner@example.com
C00253,JUDITH,thompson,1994-04-29,,Corporate,Employee,N,2019-11-12,parkersharon@example.net
C00254,Emma,Weaver,1996-06-27,,Individual,Self-employed,N,2023-12-03,rachel81@example.org
C00255,Alexander,Brown,1957-12-13,KY,Individual,Self-employed,N,2022-06-28,darroyo@example.com
C00256,Samantha,Mcguire,2002-09-29,BE,Individual,Executive,N,2019-12-29,cjones@example.org
C00257,vincent,Watkins,1935-09-11,,Corporate,Self-employed,N,2021-09-09,qmoore@example.org
C00258,christina,Gaines,1982-01-13,ES,Corporate,Student,N,2020-02-15,melissa42@example.net
C00259,Timothy,  Shields ,1966-12-10,DE,Individual,Employee,N,2024-01-17,ufisher@example.org
C00260,robert,Dickerson,1935-08-25,IR,Individual,Executive,N,2023-05-20,rtorres@example.net
C00261,Tammy,Meyer,1968-07-10,BE,Corporate,Student,N,2018-08-16,hillpatrick@example.com
C00262,Tiffany,Herrera,1962-07-20,BE,Individual,Retired,N,2018-07-04,vlewis@example.com
C00263,Emma,  Miles ,1956-10-10,KY,Corporate,Unemployed,N,2021-12-04,joncrosby@example.net
C00264,rebecca,Perez,1977-03-17,US,Corporate,Unemployed,N,2022-05-21,rogerjones@example.org
C00265,Heidi,Lopez,1937-03-27,GB,Individual,Student,N,2018-03-24,wwood@example.net
C00266,  Robert ,Fernandez,1988-03-08,BE,Individual,Student,N,2019-03-20,dicksonheather@example.com
C00267,Jeffrey,  Love ,1983-10-16,NG,Individual,Self-employed,N,2020-05-11,hardingmelanie@example.com
C00268,Andrea,hicks,1987-06-25,BE,Individual,Retailer,N,2023-10-08,ywilliams@example.org
C00269,Brian,dillon,1953-10-05,TR,Individual,Student,N,2024-11-14,dawn84@example.com
C00270,Tanya,Cortez,1983-12-25,AE,Individual,Retailer,N,2023-02-03,jesus41@example.net
C00271,DONALD,Mendoza,1993-11-16,GB,Individual,Retailer,N,2023-12-08,yhunt@example.com
C00272,Julie,THOMPSON,2001-12-30,BE,Corporate,Self-employed,N,2021-11-16,lucas72@example.org
C00273,Christine,Clark,1975-06-19,NG,Corporate,Retired,N,2021-01-24,kimberly56@example.net
C00274,susan,Nelson,1988-10-29,BR,Individual,Politician,Y,2021-02-04,barbara84@example.org
C00275,FREDERICK,Moore,1947-12-19,BE,Corporate,Civil servant,N,2024-03-28,duncanjohn@example.org
C00276,JASMINE,anderson,1972-10-29,DE,Corporate,Unemployed,N,2023-10-01,marypowers@example.org
C00277,  Claudia ,Booker,1950-04-06,FR,Individual,Retired,N,2020-10-04,petersonroberta@example.com
C00278,Natalie,Hudson,1974-10-17,MA,Individual,Retired,N,2022-02-04,michelle15@example.com
C00279,kevin,Ellis,1954-11-13,IR,Individual,Self-employed,N,2019-08-05,floydcatherine@example.org
C00280,JON,larson,1993-08-27,SY,Individual,Retired,N,2023-06-01,jefferycaldwell@example.org
C00281,HEATHER,Silva,1979-04-12,CH,Corporate,Civil servant,N,2021-12-08,john36@example.org
C00282,wendy,goodwin,2005-02-17,FR,Corporate,Unemployed,N,2023-05-07,rioslisa@example.net
C00283,stacey,SAWYER,1971-10-17,BE,Individual,Student,N,2020-10-08,julie34@example.net
C00284,chad,spence,1978-05-02,US,Individual,Retailer,N,2021-07-24,roykelly@example.com
C00285,ANDREA,GLENN,1966-05-22,CN,Corporate,Student,N,2022-03-24,michaelnguyen@example.org
C00286,Julie,Hunt,1958-09-22,MA,Individual,Politician,Y,2019-04-29,frank89@example.com
C00287,COLLEEN,DIAZ,1951-03-17,BE,Individual,Civil servant,N,2021-02-26,kevin11@example.com
C00288,  Michelle ,Wood,1998-04-09,US,Individual,Unemployed,N,2018-11-17,jessecooper@example.net
C00289,donald,Lambert,1944-10-03,DE,Individual,Employee,Y,2020-04-15,aturner@example.com
C00290,Joshua,Barker,1951-09-24,KY,Individual,Executive,N,2024-11-24,megan45@example.com
C00291,Jack,  Jacobson ,1981-11-13,,Individual,Unemployed,N,2021-03-11,hwest@example.com
C00292,Gary,Lam,1965-06-16,FR,Individual,Retailer,N,2018-07-19,mccormickpaul@example.net
C00293,Marco,Lee,1980-12-09,DE,Individual,Unemployed,N,2021-12-24,josephbrown@example.net
C00294,Shannon,gross,1997-01-19,BR,Individual,Politician,Y,2022-08-03,harringtonbrittany@example.com
C00295,CHERYL,Hunter,1946-07-17,ES,Corporate,Retailer,N,2019-05-28,rreynolds@example.com
C00296,Samantha,Macdonald,2002-12-01,TR,Individual,Student,N,2021-08-13,josephsanchez@example.net
C00297,Amanda,Burch,1977-10-17,PA,Individual,Self-employed,N,2024-01-23,victoriadavis@example.org
C00298,Eric,holloway,1977-11-22,BE,Individual,Retailer,N,2021-06-13,martinezdustin@example.net
C00299,  Donna ,Cox,1973-01-15,BE,Corporate,Civil servant,N,2024-09-07,nicholsonbryan@example.net
C00300,audrey,Watts,1939-12-18,CN,Individual,Retailer,N,2019-03-10,donald97@example.net
C00301,SHANE,matthews,1991-04-22,MA,Individual,Unemployed,N,2021-02-19,wmartinez@example.com
C00302,Nathan,Moore,1983-09-30,CN,Individual,Civil servant,N,2022-07-05,lsullivan@example.org
C00303,MICHAEL,WOODWARD,1949-04-29,TR,Individual,Executive,N,2019-12-23,danny27@example.net
C00304,Jennifer,  Hanson ,1988-04-05,IT,Individual,Self-employed,N,2020-11-06,millershannon@example.net
C00305,adam,PATTERSON,1959-12-18,GB,Individual,Civil servant,N,2021-02-13,erin83@example.com
C00306,David,Hernandez,1939-02-23,XX,Individual,Politician,Y,2018-05-18,stephanie96@example.org
C00307,Jason,Walters,1986-05-29,IT,Individual,Employee,N,2024-07-05,enielsen@example.com
C00308,Kenneth,JOHNS,2002-12-07,PA,Individual,Retired,N,2024-03-14,tiffany66@example.com
C00309,Stephen,MITCHELL,1960-10-11,NG,Individual,Self-employed,N,2020-02-28,danielle56@example.com
C00310,JENNA,Alexander,1940-10-14,BE,Individual,Employee,N,2020-02-11,cheryl59@example.org
C00311,Jane,  Haynes ,1980-06-14,ES,Individual,Executive,N,2023-04-03,timothyrodgers@example.net
C00312,crystal,  Parsons ,1940-10-24,FR,Individual,Politician,Y,2019-10-24,nelsonjessica@example.com
C00313,john,cook,1946-09-29,DE,Individual,Retailer,N,2024-01-05,kelli68@example.org
C00314,James,Avila,1958-04-13,BE,Corporate,Unemployed,N,2018-01-24,robert87@example.org
C00315,melissa,hall,1953-03-23,BE,Individual,Politician,Y,2023-04-14,hconley@example.org
C00316,Benjamin,COOK,1973-06-08,CN,Individual,Civil servant,N,2021-04-10,steveneaton@example.org
C00317,jason,Mills,1958-10-02,BE,Individual,Executive,Y,2019-11-11,michael82@example.com
C00318,cheyenne,Lopez,1970-01-25,FR,Corporate,Executive,N,2024-04-20,kylemejia@example.net
C00319,Anthony,Mitchell,1993-10-29,GB,Corporate,Self-employed,N,2018-12-27,ericduffy@example.net
C00320,Elizabeth,Stephenson,1970-02-12,XX,Individual,Unemployed,N,2021-08-07,adam26@example.com
C00321,Erin,Garner,1944-12-22,CN,Corporate,Student,N,2019-10-03,bcooper@example.com
C00322,Christopher,ALLEN,1961-01-18,FR,Corporate,Self-employed,N,2021-11-30,louislowe@example.net
C00323,Jeff,johnson,1983-04-07,LU,Individual,Retired,N,2024-06-26,audrey82@example.com
C00324,MARIE,Elliott,1938-08-19,IT,Individual,Civil servant,N,2024-02-13,kimberly83@example.net
C00325,Jared,BOOTH,1972-03-27,SY,Individual,Retailer,N,2018-03-18,fnelson@example.net
C00326,Amanda,simmons,1985-08-05,IT,Individual,Retailer,N,2023-11-17,wendy58@example.net
C00327,Corey,WHITE,1963-06-11,LU,Individual,Civil servant,N,2021-03-15,heather15@example.net
C00328,JENNIFER,Miller,1973-01-16,BR,Individual,Retired,N,2023-03-07,regina47@example.org
C00329,Judy,Williams,1984-08-06,RU,Individual,Self-employed,N,2023-10-31,ewhite@example.org
C00330,  Chelsey ,Gonzalez,1942-04-05,GB,Corporate,Self-employed,N,2024-07-27,steven82@example.com
C00331,Ian,Davis,1984-03-05,FR,Individual,Civil servant,N,2019-11-23,millerruben@example.com
C00332,Kaitlyn,MILLER,1989-08-06,PA,Individual,Executive,N,2023-01-23,singhmaria@example.com
C00333,Eric,Hall,2000-08-30,RU,Corporate,Unemployed,N,2019-08-09,castanedastacy@example.net
C00334,Tyler,PETERSON,1969-06-23,RU,Individual,Executive,N,2019-05-29,danielvelasquez@example.org
C00335,gerald,Carlson,1974-03-05,LU,Individual,Politician,Y,2021-12-21,lauraellis@example.org
C00336,  Eric ,  Johnson ,1943-11-12,KP,Corporate,Retailer,N,2024-08-10,ramirezglenn@example.com
C00337,Jason,Duarte,1970-07-02,KY,Individual,Self-employed,N,2024-03-05,ssmith@example.org
C00338,Allison,smith,2006-11-22,BE,Individual,Executive,N,2022-09-18,jillduran@example.com
C00339,THOMAS,Combs,1945-12-26,IT,Individual,Civil servant,N,2019-04-06,richardsonjill@example.org
C00340,Diane,johnson,1938-11-18,FR,Individual,Civil servant,N,2023-09-17,tspears@example.net
C00341,  Stephen ,  Rodriguez ,1995-11-04,FR,Individual,Retired,N,2024-04-06,smithsheri@example.com
C00342,Emily,gonzales,1940-03-18,CH,Individual,Civil servant,Y,2024-05-23,jasondaniel@example.org
C00343,Kristen,Page,1970-09-05,FR,Individual,Civil servant,N,2021-04-17,lori03@example.com
C00344,AUSTIN,Lee,1996-04-26,BE,Individual,Employee,N,2020-09-13,andrew66@example.org
C00345,Lori,Williamson,1986-12-24,CN,Individual,Executive,N,2022-03-14,bethchavez@example.net
C00346,Rhonda,Myers,1953-09-28,CN,Individual,Politician,Y,2019-11-12,natalielawrence@example.org
C00347,Jonathan,Patel,1999-11-18,FR,Individual,Student,N,2022-07-01,wanderson@example.org
C00348,Lisa,  Williams ,1950-07-28,ES,Individual,Student,N,2024-04-16,bryanfrederick@example.com
C00349,Matthew,Harris,1958-07-10,BE,Individual,Civil servant,N,2022-06-20,murillobrandon@example.org
C00350,Daniel,  Petersen ,1942-05-13,BE,Individual,Student,N,2019-02-07,tnguyen@example.net
C00351,Tyler,Johnson,2001-07-14,FR,Individual,Student,N,2021-07-20,patriciawiley@example.org
C00352,Hailey,  Robinson ,1949-11-16,,Individual,Politician,Y,2019-10-20,kevinjordan@example.org
C00353,april,Smith,1949-12-27,DE,Individual,Self-employed,N,2019-01-03,vstone@example.org
C00354,Jessica,Barnes,1970-05-13,CH,Individual,Unemployed,N,2018-12-13,farrellanthony@example.net
C00355,Vincent,Burgess,1939-09-02,BR,Individual,Executive,N,2022-09-14,brent84@example.org
C00356,DEBBIE,Smith,1967-11-26,ES,Individual,Politician,Y,2023-08-16,amandasimon@example.com
C00357,Gabriel,STONE,1989-05-01,TR,Corporate,Self-employed,N,2024-03-11,zrhodes@example.org
C00358,Charles,Shannon,1952-03-22,FR,Individual,Self-employed,N,2022-09-15,james24@example.net
C00359,  Kara ,Davis,1980-11-30,FR,Individual,Employee,N,2021-08-26,jordanbecky@example.net
C00360,LISA,Gutierrez,1995-02-28,SY,Individual,Politician,Y,2023-09-05,jonesdavid@example.org
C00361,  Sierra ,richards,1944-08-10,NG,Individual,Politician,Y,2019-11-01,nathan01@example.net
C00362,Jade,Jackson,1958-03-29,LU,Individual,Politician,Y,2023-04-01,pclark@example.org
C00363,Jessica,Washington,1998-02-16,,Individual,Retired,N,2021-09-04,johnsonrichard@example.org
C00364,Caitlin,CUMMINGS,1993-03-18,MA,Individual,Politician,Y,2024-05-27,cordovalaura@example.net
C00365,Alexis,WOLFE,1975-01-09,RU,Individual,Unemployed,N,2024-06-02,christophernelson@example.org
C00366,Charles,Lester,2002-11-28,BR,Individual,Employee,N,2018-05-08,steven52@example.com
C00367,Mary,RICHARDSON,1979-03-29,DE,Individual,Unemployed,N,2021-05-06,kellyfaulkner@example.org
C00368,Jessica,martinez,1940-10-31,PA,Corporate,Self-employed,N,2023-01-09,paige09@example.org
C00369,Kenneth,TRAN,1961-01-10,XX,Individual,Politician,Y,2018-12-19,david87@example.com
C00370,Leah,Little,1946-03-08,MA,Individual,Politician,Y,2021-12-22,makayla96@example.com
C00371,THOMAS,  Thompson ,1952-08-26,DE,Individual,Unemployed,N,2024-07-10,ygreen@example.com
C00372,Joshua,  Castaneda ,1936-01-01,MA,Individual,Politician,Y,2018-09-08,lori60@example.com
C00373,Kristina,Hudson,1948-05-10,XX,Individual,Self-employed,N,2019-07-25,mariacarter@example.org
C00374,Theresa,  Thompson ,1944-10-30,MA,Individual,Executive,N,2023-10-01,dpearson@example.net
C00375,Cynthia,stanton,2001-10-03,BE,Corporate,Retired,N,2019-05-29,zklein@example.net
C00376,Lauren,Walters,1940-01-22,DE,Corporate,Self-employed,N,2023-01-15,murphyjohn@example.net
C00377,  Jeremy ,ferguson,1985-10-03,CH,Individual,Retailer,N,2023-01-27,cheryl16@example.com
C00378,Jessica,Hinton,1945-08-15,PA,Individual,Retired,Y,2020-04-22,ramirezphilip@example.org
C00379,jennifer,Johns,1990-11-04,IT,Individual,Civil servant,N,2019-07-02,eric13@example.org
C00380,Timothy,  Johnson ,1958-11-21,IT,Individual,Civil servant,N,2023-10-23,stefanie17@example.com
C00381,  Brandon ,Ramirez,1960-01-14,KY,Individual,Civil servant,N,2022-09-29,johnathansolis@example.net
C00382,kyle,Le,1939-03-08,CH,Individual,Civil servant,N,2024-03-12,kelseyortiz@example.org
C00383,Alexis,Robinson,1997-10-06,DE,Individual,Student,N,2023-08-29,guerrerosharon@example.net
C00384,John,johnson,1968-07-05,BE,Individual,Unemployed,N,2024-11-25,tammytownsend@example.net
C00385,Brandon,Lam,2003-12-26,BE,Corporate,Executive,N,2023-07-02,kennethevans@example.org
C00386,Darlene,HALL,1992-10-26,MA,Individual,Retailer,N,2023-07-29,sherridavis@example.net
C00387,David,Cohen,1956-01-07,DE,Individual,Employee,N,2023-06-28,hammondjames@example.com
C00388,Shirley,Sanchez,1961-10-05,RU,Individual,Employee,N,2018-11-07,rebecca17@example.org
C00389,Justin,Mcdonald,1947-03-27,BR,Individual,Unemployed,N,2021-12-04,mark87@example.org
C00390,  Christopher ,Wong,1969-05-16,KY,Individual,Self-employed,N,2019-08-25,ggonzalez@example.org
C00391,Becky,  Cook ,1983-12-20,IT,Individual,Politician,Y,2023-11-16,wilsonamanda@example.org
C00392,Michael,foster,1943-04-24,FR,Individual,Politician,Y,2024-01-03,michael01@example.net
C00393,Jessica,Webb,1955-09-28,GB,Individual,Politician,Y,2021-06-13,mark53@example.com
C00394,Gina,Carter,1976-06-22,SY,Corporate,Student,N,2023-08-28,antonio84@example.org
C00395,Brandon,Perez,1953-05-04,NG,Corporate,Employee,N,2022-09-20,stephanie01@example.com
C00396,  Alison ,White,1985-02-22,LU,Individual,Civil servant,N,2022-11-05,mccarthyandrew@example.net
C00397,kimberly,Sanders,1965-06-22,XX,Corporate,Retailer,N,2018-07-11,robert74@example.net
C00398,Michael,harper,1970-04-14,TR,Individual,Unemployed,N,2022-09-02,sarah13@example.org
C00399,Julia,RIVERA,1993-01-09,TR,Individual,Retired,N,2022-06-05,patricksarah@example.net
C00400,Mary,YATES,1988-09-12,NG,Corporate,Self-employed,N,2019-04-09,annjohnson@example.net
C00401,thomas,Duncan,1964-11-19,KP,Individual,Self-employed,N,2020-08-15,luishiggins@example.org
C00402,Joshua,BURNS,1954-06-06,CH,Individual,Retailer,N,2021-04-08,pglover@example.com
C00403,Jennifer,  Simon ,1956-09-25,RU,Corporate,Employee,N,2023-07-12,jweeks@example.org
C00404,lauren,jackson,1982-09-06,RU,Individual,Unemployed,N,2018-09-12,patty34@example.net
C00405,DON,Grant,1986-05-08,KY,Individual,Civil servant,N,2024-08-15,jenniferhudson@example.org
C00406,HELEN,Price,1935-08-30,US,Individual,Retired,N,2018-05-31,campbellryan@example.com
C00407,Shannon,Rodriguez,1978-11-06,ES,Individual,Student,N,2021-09-05,jake30@example.org
C00408,Maria,GUZMAN,1966-06-10,DE,Individual,Self-employed,N,2019-08-03,umacdonald@example.org
C00409,Julie,Watson,1960-03-01,CN,Individual,Self-employed,N,2021-05-13,taylorchristian@example.org
C00410,Scott,BRANCH,1973-08-04,AE,Individual,Student,N,2018-11-22,cynthiaacosta@example.net
C00411,  Ashley ,Jones,1979-09-13,TR,Individual,Politician,Y,2021-12-28,baileyaaron@example.com
C00412,Johnathan,Sanchez,1977-12-05,AE,Individual,Civil servant,N,2023-02-20,ltorres@example.net
C00413,kimberly,sparks,1952-10-31,MA,Corporate,Retired,N,2021-09-29,roseandrew@example.com
C00414,Karl,Owens,1935-06-30,SY,Corporate,Retired,N,2019-05-31,herringamanda@example.net
C00415,Duane,Rowe,1958-02-03,US,Individual,Unemployed,N,2022-07-11,cassie34@example.com
C00416,  Samuel ,Williams,1986-11-25,FR,Individual,Politician,Y,2018-08-24,dhall@example.org
C00417,SHERRY,Valentine,1950-03-28,IR,Individual,Unemployed,N,2018-12-21,samantha36@example.org
C00418,JILL,gomez,1975-04-20,FR,Individual,Self-employed,N,2023-03-16,hayesmatthew@example.net
C00419,Carolyn,Chavez,2005-11-20,BE,Individual,Retailer,N,2021-02-18,halljohn@example.com
C00420,Barbara,Robinson,2007-10-09,FR,Individual,Self-employed,N,2022-06-03,vegarebecca@example.org
C00421,GREGORY,LAM,1995-05-09,MA,Individual,Politician,Y,2021-10-14,benjamin75@example.org
C00422,Nicholas,berry,2001-09-28,BE,Individual,Executive,N,2018-10-12,zsantiago@example.org
C00423,TONYA,ford,1959-11-30,NG,Individual,Self-employed,N,2024-04-10,ryan46@example.net
C00424,stacey,Cervantes,1936-07-08,US,Individual,Executive,N,2019-03-15,victoria16@example.org
C00425,tristan,Ballard,2007-03-18,PA,Corporate,Employee,N,2024-04-21,qcarson@example.net
C00426,Marc,Parks,1937-02-27,XX,Corporate,Retailer,N,2023-08-06,ojenkins@example.com
C00427,Eric,wheeler,1992-05-12,TR,Corporate,Executive,N,2022-07-31,briannaconley@example.net
C00428,Joseph,Lee,1990-04-16,IT,Corporate,Executive,N,2020-02-02,ajordan@example.net
C00429,sandy,Mcguire,1944-03-21,AE,Individual,Civil servant,N,2021-10-30,bryan84@example.com
C00430,Anthony,  Cowan ,1949-09-18,DE,Individual,Retired,N,2021-09-24,catherinetyler@example.org
C00431,Sandra,EWING,1968-08-01,BE,Individual,Civil servant,N,2018-11-29,dhuff@example.org
C00432,Cassandra,FRANK,1950-08-14,NG,Individual,Student,N,2020-06-15,christine44@example.com
C00433,Amanda,Jones,1962-04-29,ES,Individual,Politician,Y,2018-11-04,torresernest@example.net
C00434,  Beverly ,Brown,2003-09-09,DE,Individual,Employee,N,2021-01-07,larnold@example.net
C00435,NATHAN,Beltran,1944-06-16,BE,Individual,Retailer,N,2020-06-23,justingilmore@example.org
C00436,Edward,brown,1967-09-18,AE,Corporate,Executive,N,2021-09-28,campbelljoshua@example.org
C00437,RAYMOND,Cunningham,1993-12-22,CH,Individual,Student,N,2024-07-03,patrickgonzalez@example.net
C00438,GAVIN,Morrison,1942-03-16,CH,Individual,Employee,N,2018-08-05,robertsnow@example.org
C00439,BRIAN,jackson,1951-08-27,BR,Individual,Unemployed,N,2022-07-01,smartin@example.com
C00440,JAMES,DAVIS,1959-07-13,CN,Individual,Retired,N,2018-06-04,bgarcia@example.com
C00441,Kimberly,moore,2003-05-06,IT,Individual,Student,N,2019-05-01,diazalexandra@example.org
C00442,CHRISTOPHER,Adams,1951-07-28,DE,Individual,Politician,Y,2021-02-11,qpowers@example.com
C00443,Rita,Burns,1968-05-19,DE,Individual,Executive,N,2018-09-14,chad62@example.net
C00444,Katrina,SOLIS,1970-03-15,DE,Individual,Employee,N,2019-12-17,pagetheresa@example.com
C00445,HEATHER,Miller,1975-11-09,BE,Individual,Executive,N,2021-09-22,mariamcguire@example.com
C00446,Raymond,Martinez,1986-05-29,GB,Individual,Politician,Y,2021-04-07,jeffreycampbell@example.com
C00447,  Audrey ,Ali,1973-03-04,FR,Individual,Self-employed,N,2019-12-28,hannah20@example.com
C00448,Ashley,Hoover,1958-02-03,CN,Corporate,Employee,N,2022-08-12,davidsanders@example.com
C00449,Karen,WILSON,2003-06-08,NG,Individual,Student,N,2019-11-11,evansjessica@example.org
C00450,alex,  Hansen ,1990-07-03,BE,Individual,Politician,Y,2020-04-14,williamskyle@example.com
C00451,Ashley,MEYER,2005-02-03,NG,Individual,Civil servant,Y,2021-09-24,ipreston@example.org
C00452,Scott,hicks,2004-09-28,LU,Individual,Civil servant,N,2022-08-13,evansjoseph@example.net
C00453,Tanya,spencer,2003-02-28,BR,Individual,Civil servant,N,2021-10-28,tyrone46@example.com
C00454,Jennifer,thompson,1975-12-07,FR,Individual,Unemployed,N,2022-09-22,jrobinson@example.org
C00455,RHONDA,blackburn,1960-08-18,NG,Individual,Employee,N,2020-09-14,christopher50@example.net
C00456,Ryan,merritt,2003-09-19,DE,Corporate,Retailer,N,2024-06-29,andresmith@example.org
C00457,KAREN,  Wood ,1936-04-13,,Individual,Retired,N,2024-01-16,qestrada@example.org
C00458,Laura,  Taylor ,1954-12-06,SY,Individual,Unemployed,N,2022-09-19,farmermonica@example.com
C00459,Kurt,  Dean ,1965-12-01,FR,Individual,Unemployed,N,2020-05-14,petersongarrett@example.net
C00460,Samantha,SPENCER,1958-12-25,BE,Corporate,Civil servant,N,2020-07-05,rogercruz@example.net
C00461,Lucas,Brown,1966-11-15,XX,Individual,Student,N,2018-08-05,garciaheidi@example.net
C00462,joel,Obrien,1948-11-10,TR,Individual,Retailer,N,2018-02-22,perryjoel@example.com
C00463,James,hatfield,1947-07-20,PA,Individual,Self-employed,N,2023-04-16,sgarrett@example.com
C00464,John,Torres,2000-08-30,CN,Individual,Executive,N,2024-01-15,ecastillo@example.net
C00465,Mary,Jones,1951-02-14,GB,Individual,Employee,N,2018-01-27,willisryan@example.com
C00466,Shannon,  Roach ,1971-11-26,SY,Individual,Executive,Y,2019-03-26,veronicaperkins@example.net
C00467,Janet,Perez,1976-07-27,IT,Individual,Politician,Y,2021-02-03,daniel87@example.net
C00468,Kiara,miller,1973-07-02,CN,Individual,Employee,N,2022-07-10,tyronethomas@example.net
C00469,Janice,Snyder,2005-06-24,LU,Corporate,Unemployed,N,2024-07-27,dayabigail@example.org
C00470,Diane,Rodriguez,1998-07-07,KP,Individual,Retired,N,2023-12-27,kylelucas@example.org
C00471,Katelyn,Boyd,2007-01-28,MA,Individual,Unemployed,N,2018-04-23,dannysampson@example.org
C00472,Amanda,  Koch ,1976-05-11,NG,Individual,Employee,N,2024-03-12,mark62@example.org
C00473,katelyn,Everett,2006-09-03,GB,Individual,Civil servant,N,2020-04-12,aswanson@example.com
C00474,Sheila,LOPEZ,1956-08-10,DE,Corporate,Executive,N,2022-07-03,kristenelliott@example.com
C00475,Matthew,Abbott,1951-10-19,DE,Corporate,Civil servant,N,2021-11-06,victorialewis@example.org
C00476,David,Walls,1986-01-30,IT,Individual,Executive,N,2020-05-14,kdavis@example.com
C00477,  Tracy ,BUCHANAN,1965-12-17,KP,Corporate,Retired,N,2019-05-15,brenda79@example.com
C00478,Maria,taylor,1951-06-16,BE,Corporate,Retailer,N,2024-04-08,cynthia65@example.org
C00479,Michele,Johnson,2000-03-23,FR,Individual,Unemployed,N,2023-10-14,nancy80@example.net
C00480,Laura,Torres,1936-09-11,FR,Individual,Civil servant,N,2021-10-13,weekslinda@example.com
C00481,Tommy,Green,1948-09-24,LU,Corporate,Employee,N,2021-08-26,jeremy61@example.com
C00482,johnathan,Cabrera,1935-07-13,DE,Individual,Self-employed,N,2021-09-11,osteele@example.org
C00483,Molly,Palmer,1993-11-03,DE,Corporate,Civil servant,N,2019-06-28,rjohnson@example.net
C00484,  Wendy ,Coffey,2004-02-27,CH,Individual,Politician,Y,2022-05-17,hmcgrath@example.net
C00485,Catherine,CONNER,1987-09-10,KY,Individual,Student,N,2019-04-12,jbell@example.org
C00486,Jason,PATTERSON,1999-09-11,CH,Individual,Executive,N,2022-10-31,russelljones@example.net
C00487,  Martha ,  Johnson ,1988-12-18,KP,Individual,Politician,Y,2021-05-09,tracyparsons@example.com
C00488,Walter,robinson,1969-12-09,AE,Individual,Retired,Y,2021-11-13,wendy78@example.net
C00489,craig,MILLER,1951-02-20,CN,Individual,Student,N,2020-12-30,istone@example.net
C00490,  Nicole ,Andrews,1948-02-26,BE,Individual,Unemployed,N,2021-10-06,laura58@example.org
C00491,Joshua,BAILEY,1951-04-16,BE,Individual,Student,N,2024-01-23,john24@example.org
C00492,caitlin,Davis,1979-02-08,FR,Individual,Retailer,N,2024-01-15,vhoward@example.com
C00493,JULIE,Martin,1999-11-16,KY,Corporate,Student,N,2023-05-05,amandahuang@example.com
C00494,  Ashley ,  Davenport ,1970-10-27,IR,Corporate,Civil servant,N,2024-05-12,srivera@example.org
C00495,Kyle,Bruce,2004-12-01,,Individual,Executive,N,2023-06-03,colonjessica@example.com
C00496,  Jamie ,Berger,1958-10-16,IR,Corporate,Executive,N,2019-05-03,melissasmith@example.com
C00497,  Kristen ,Smith,1952-04-01,PA,Individual,Executive,N,2021-10-01,kennethblack@example.net
C00498,  Kyle ,Lester,1985-03-23,BE,Individual,Executive,N,2020-06-20,lrivera@example.org
C00499,Dana,FISHER,1939-01-27,XX,Individual,Executive,N,2024-02-04,angela92@example.com
C00500,Wendy,simpson,1996-10-28,IR,Individual,Self-employed,N,2022-09-28,denise49@example.com
C00485,Catherine,CONNER,1987-09-10,KY,Individual,Student,N,2019-04-12,jbell@example.org
C00228,DOUGLAS,wu,2002-12-06,BR,Individual,Student,N,2023-06-18,jroy@example.net
C00330,  Chelsey ,Gonzalez,1942-04-05,GB,Corporate,Self-employed,N,2024-07-27,steven82@example.com
C00173,Michael,  Smith ,1994-12-30,BE,Corporate,Executive,N,2024-04-01,ereed@example.com
C00010,MARCUS,Harris,2001-10-27,CH,Individual,Politician,Y,2024-06-23,fstephenson@example.net
C00194,kyle,Baxter,1986-01-22,BE,Individual,Executive,N,2023-01-28,susanreilly@example.org
C00174,CRYSTAL,Logan,1959-05-17,,Individual,Employee,N,2019-01-18,kimberlytucker@example.org
C00187,  Scott ,Lee,1983-03-07,US,Individual,Self-employed,N,2019-07-05,christopher70@example.net
C00450,alex,  Hansen ,1990-07-03,BE,Individual,Politician,Y,2020-04-14,williamskyle@example.com
C00278,Natalie,Hudson,1974-10-17,MA,Individual,Retired,N,2022-02-04,michelle15@example.com
C00242,lisa,Miller,1937-03-27,MA,Individual,Employee,N,2023-11-08,holmesjohn@example.org
C00443,Rita,Burns,1968-05-19,DE,Individual,Executive,N,2018-09-14,chad62@example.net
C00379,jennifer,Johns,1990-11-04,IT,Individual,Civil servant,N,2019-07-02,eric13@example.org
C00107,Natalie,Walton,1945-10-03,LU,Individual,Executive,N,2021-06-19,khawkins@example.com
C00211,Erica,nguyen,1950-03-01,GB,Individual,Executive,N,2021-06-16,heatherhughes@example.net
